2025-03-28T18:55:10.608+05:30  INFO 11884 --- [InterviewProject] [main] c.e.b.InterviewProjectApplicationTests   : Starting InterviewProjectApplicationTests using Java 17.0.12 with PID 11884 (started by YOGESH in D:\sts_workSpace\InterviewProject)
2025-03-28T18:55:10.619+05:30  INFO 11884 --- [InterviewProject] [main] c.e.b.InterviewProjectApplicationTests   : No active profile set, falling back to 1 default profile: "default"
2025-03-28T18:55:12.606+05:30  INFO 11884 --- [InterviewProject] [main] .s.d.r.c.RepositoryConfigurationDelegate : Bootstrapping Spring Data JPA repositories in DEFAULT mode.
2025-03-28T18:55:12.726+05:30  INFO 11884 --- [InterviewProject] [main] .s.d.r.c.RepositoryConfigurationDelegate : Finished Spring Data repository scanning in 90 ms. Found 3 JPA repository interfaces.
2025-03-28T18:55:14.510+05:30  WARN 11884 --- [InterviewProject] [main] trationDelegate$BeanPostProcessorChecker : Bean 'org.springframework.ws.config.annotation.DelegatingWsConfiguration' of type [org.springframework.ws.config.annotation.DelegatingWsConfiguration$$SpringCGLIB$$0] is not eligible for getting processed by all BeanPostProcessors (for example: not eligible for auto-proxying). The currently created BeanPostProcessor [annotationActionEndpointMapping] is declared through a non-static factory method on that class; consider declaring it as static instead.
2025-03-28T18:55:14.611+05:30  INFO 11884 --- [InterviewProject] [main] .w.s.a.s.AnnotationActionEndpointMapping : Supporting [WS-Addressing August 2004, WS-Addressing 1.0]
2025-03-28T18:55:15.383+05:30  INFO 11884 --- [InterviewProject] [main] o.hibernate.jpa.internal.util.LogHelper  : HHH000204: Processing PersistenceUnitInfo [name: default]
2025-03-28T18:55:15.625+05:30  INFO 11884 --- [InterviewProject] [main] org.hibernate.Version                    : HHH000412: Hibernate ORM core version 6.5.3.Final
2025-03-28T18:55:15.727+05:30  INFO 11884 --- [InterviewProject] [main] o.h.c.internal.RegionFactoryInitiator    : HHH000026: Second-level cache disabled
2025-03-28T18:55:16.756+05:30  INFO 11884 --- [InterviewProject] [main] o.s.o.j.p.SpringPersistenceUnitInfo      : No LoadTimeWeaver setup: ignoring JPA class transformer
2025-03-28T18:55:16.840+05:30  INFO 11884 --- [InterviewProject] [main] com.zaxxer.hikari.HikariDataSource       : HikariPool-1 - Starting...
2025-03-28T18:55:18.037+05:30  INFO 11884 --- [InterviewProject] [main] com.zaxxer.hikari.pool.HikariPool        : HikariPool-1 - Added connection com.mysql.cj.jdbc.ConnectionImpl@66c0a115
2025-03-28T18:55:18.043+05:30  INFO 11884 --- [InterviewProject] [main] com.zaxxer.hikari.HikariDataSource       : HikariPool-1 - Start completed.
2025-03-28T18:55:18.293+05:30  WARN 11884 --- [InterviewProject] [main] org.hibernate.orm.deprecation            : HHH90000025: MySQL8Dialect does not need to be specified explicitly using 'hibernate.dialect' (remove the property setting and it will be selected by default)
2025-03-28T18:55:18.298+05:30  WARN 11884 --- [InterviewProject] [main] org.hibernate.orm.deprecation            : HHH90000026: MySQL8Dialect has been deprecated; use org.hibernate.dialect.MySQLDialect instead
2025-03-28T18:55:20.675+05:30  INFO 11884 --- [InterviewProject] [main] o.h.e.t.j.p.i.JtaPlatformInitiator       : HHH000489: No JTA platform available (set 'hibernate.transaction.jta.platform' to enable JTA platform integration)
2025-03-28T18:55:20.966+05:30  INFO 11884 --- [InterviewProject] [main] j.LocalContainerEntityManagerFactoryBean : Initialized JPA EntityManagerFactory for persistence unit 'default'
2025-03-28T18:55:21.632+05:30  INFO 11884 --- [InterviewProject] [main] o.s.d.j.r.query.QueryEnhancerFactory     : Hibernate is in classpath; If applicable, HQL parser will be used.
2025-03-28T18:55:22.321+05:30  WARN 11884 --- [InterviewProject] [main] JpaBaseConfiguration$JpaWebConfiguration : spring.jpa.open-in-view is enabled by default. Therefore, database queries may be performed during view rendering. Explicitly configure spring.jpa.open-in-view to disable this warning
2025-03-28T18:55:24.457+05:30  INFO 11884 --- [InterviewProject] [main] o.s.b.a.e.web.EndpointLinksResolver      : Exposing 2 endpoints beneath base path '/actuator'
2025-03-28T18:55:24.625+05:30  INFO 11884 --- [InterviewProject] [main] c.e.b.InterviewProjectApplicationTests   : Started InterviewProjectApplicationTests in 14.82 seconds (process running for 17.8)
2025-03-28T18:55:25.767+05:30  INFO 11884 --- [InterviewProject] [SpringApplicationShutdownHook] j.LocalContainerEntityManagerFactoryBean : Closing JPA EntityManagerFactory for persistence unit 'default'
2025-03-28T18:55:25.775+05:30  INFO 11884 --- [InterviewProject] [SpringApplicationShutdownHook] com.zaxxer.hikari.HikariDataSource       : HikariPool-1 - Shutdown initiated...
2025-03-28T18:55:25.991+05:30  INFO 11884 --- [InterviewProject] [SpringApplicationShutdownHook] com.zaxxer.hikari.HikariDataSource       : HikariPool-1 - Shutdown completed.
2025-03-28T19:17:48.853+05:30  INFO 9296 --- [InterviewProject] [restartedMain] c.example.InterviewProjectApplication    : Starting InterviewProjectApplication using Java 17.0.12 with PID 9296 (D:\sts_workSpace\InterviewProject\target\classes started by YOGESH in D:\sts_workSpace\InterviewProject)
2025-03-28T19:17:48.857+05:30  INFO 9296 --- [InterviewProject] [restartedMain] c.example.InterviewProjectApplication    : No active profile set, falling back to 1 default profile: "default"
2025-03-28T19:17:48.945+05:30  INFO 9296 --- [InterviewProject] [restartedMain] .e.DevToolsPropertyDefaultsPostProcessor : Devtools property defaults active! Set 'spring.devtools.add-properties' to 'false' to disable
2025-03-28T19:17:48.945+05:30  INFO 9296 --- [InterviewProject] [restartedMain] .e.DevToolsPropertyDefaultsPostProcessor : For additional web related logging consider setting the 'logging.level.web' property to 'DEBUG'
2025-03-28T19:17:50.172+05:30  INFO 9296 --- [InterviewProject] [restartedMain] .s.d.r.c.RepositoryConfigurationDelegate : Bootstrapping Spring Data JPA repositories in DEFAULT mode.
2025-03-28T19:17:50.229+05:30  INFO 9296 --- [InterviewProject] [restartedMain] .s.d.r.c.RepositoryConfigurationDelegate : Finished Spring Data repository scanning in 47 ms. Found 3 JPA repository interfaces.
2025-03-28T19:17:51.242+05:30  WARN 9296 --- [InterviewProject] [restartedMain] trationDelegate$BeanPostProcessorChecker : Bean 'org.springframework.ws.config.annotation.DelegatingWsConfiguration' of type [org.springframework.ws.config.annotation.DelegatingWsConfiguration$$SpringCGLIB$$0] is not eligible for getting processed by all BeanPostProcessors (for example: not eligible for auto-proxying). The currently created BeanPostProcessor [annotationActionEndpointMapping] is declared through a non-static factory method on that class; consider declaring it as static instead.
2025-03-28T19:17:51.315+05:30  INFO 9296 --- [InterviewProject] [restartedMain] .w.s.a.s.AnnotationActionEndpointMapping : Supporting [WS-Addressing August 2004, WS-Addressing 1.0]
2025-03-28T19:17:52.180+05:30  INFO 9296 --- [InterviewProject] [restartedMain] o.s.b.w.embedded.tomcat.TomcatWebServer  : Tomcat initialized with port 8081 (http)
2025-03-28T19:17:52.208+05:30  INFO 9296 --- [InterviewProject] [restartedMain] o.apache.catalina.core.StandardService   : Starting service [Tomcat]
2025-03-28T19:17:52.209+05:30  INFO 9296 --- [InterviewProject] [restartedMain] o.apache.catalina.core.StandardEngine    : Starting Servlet engine: [Apache Tomcat/10.1.30]
2025-03-28T19:17:52.319+05:30  INFO 9296 --- [InterviewProject] [restartedMain] o.a.c.c.C.[Tomcat].[localhost].[/]       : Initializing Spring embedded WebApplicationContext
2025-03-28T19:17:52.320+05:30  INFO 9296 --- [InterviewProject] [restartedMain] w.s.c.ServletWebServerApplicationContext : Root WebApplicationContext: initialization completed in 3374 ms
2025-03-28T19:17:52.761+05:30  INFO 9296 --- [InterviewProject] [restartedMain] o.hibernate.jpa.internal.util.LogHelper  : HHH000204: Processing PersistenceUnitInfo [name: default]
2025-03-28T19:17:52.840+05:30  INFO 9296 --- [InterviewProject] [restartedMain] org.hibernate.Version                    : HHH000412: Hibernate ORM core version 6.5.3.Final
2025-03-28T19:17:52.895+05:30  INFO 9296 --- [InterviewProject] [restartedMain] o.h.c.internal.RegionFactoryInitiator    : HHH000026: Second-level cache disabled
2025-03-28T19:17:53.350+05:30  INFO 9296 --- [InterviewProject] [restartedMain] o.s.o.j.p.SpringPersistenceUnitInfo      : No LoadTimeWeaver setup: ignoring JPA class transformer
2025-03-28T19:17:53.390+05:30  INFO 9296 --- [InterviewProject] [restartedMain] com.zaxxer.hikari.HikariDataSource       : HikariPool-1 - Starting...
2025-03-28T19:17:53.871+05:30  INFO 9296 --- [InterviewProject] [restartedMain] com.zaxxer.hikari.pool.HikariPool        : HikariPool-1 - Added connection com.mysql.cj.jdbc.ConnectionImpl@5df4265a
2025-03-28T19:17:53.876+05:30  INFO 9296 --- [InterviewProject] [restartedMain] com.zaxxer.hikari.HikariDataSource       : HikariPool-1 - Start completed.
2025-03-28T19:17:54.010+05:30  WARN 9296 --- [InterviewProject] [restartedMain] org.hibernate.orm.deprecation            : HHH90000025: MySQL8Dialect does not need to be specified explicitly using 'hibernate.dialect' (remove the property setting and it will be selected by default)
2025-03-28T19:17:54.012+05:30  WARN 9296 --- [InterviewProject] [restartedMain] org.hibernate.orm.deprecation            : HHH90000026: MySQL8Dialect has been deprecated; use org.hibernate.dialect.MySQLDialect instead
2025-03-28T19:17:55.546+05:30  INFO 9296 --- [InterviewProject] [restartedMain] o.h.e.t.j.p.i.JtaPlatformInitiator       : HHH000489: No JTA platform available (set 'hibernate.transaction.jta.platform' to enable JTA platform integration)
2025-03-28T19:17:55.645+05:30  INFO 9296 --- [InterviewProject] [restartedMain] j.LocalContainerEntityManagerFactoryBean : Initialized JPA EntityManagerFactory for persistence unit 'default'
2025-03-28T19:17:56.130+05:30  INFO 9296 --- [InterviewProject] [restartedMain] o.s.d.j.r.query.QueryEnhancerFactory     : Hibernate is in classpath; If applicable, HQL parser will be used.
2025-03-28T19:17:56.513+05:30  WARN 9296 --- [InterviewProject] [restartedMain] JpaBaseConfiguration$JpaWebConfiguration : spring.jpa.open-in-view is enabled by default. Therefore, database queries may be performed during view rendering. Explicitly configure spring.jpa.open-in-view to disable this warning
2025-03-28T19:17:58.117+05:30  INFO 9296 --- [InterviewProject] [restartedMain] o.s.b.d.a.OptionalLiveReloadServer       : LiveReload server is running on port 35729
2025-03-28T19:17:58.126+05:30  INFO 9296 --- [InterviewProject] [restartedMain] o.s.b.a.e.web.EndpointLinksResolver      : Exposing 2 endpoints beneath base path '/actuator'
2025-03-28T19:17:58.269+05:30  INFO 9296 --- [InterviewProject] [restartedMain] o.s.b.w.embedded.tomcat.TomcatWebServer  : Tomcat started on port 8081 (http) with context path '/'
2025-03-28T19:17:58.294+05:30  INFO 9296 --- [InterviewProject] [restartedMain] c.example.InterviewProjectApplication    : Started InterviewProjectApplication in 10.116 seconds (process running for 11.166)
2025-03-28T19:17:58.962+05:30  INFO 9296 --- [InterviewProject] [RMI TCP Connection(4)-127.0.0.1] o.a.c.c.C.[Tomcat].[localhost].[/]       : Initializing Spring DispatcherServlet 'dispatcherServlet'
2025-03-28T19:17:58.963+05:30  INFO 9296 --- [InterviewProject] [RMI TCP Connection(4)-127.0.0.1] o.s.web.servlet.DispatcherServlet        : Initializing Servlet 'dispatcherServlet'
2025-03-28T19:17:58.967+05:30  INFO 9296 --- [InterviewProject] [RMI TCP Connection(4)-127.0.0.1] o.s.web.servlet.DispatcherServlet        : Completed initialization in 2 ms
2025-03-28T19:18:13.198+05:30  INFO 9296 --- [InterviewProject] [http-nio-8081-exec-1] o.springdoc.api.AbstractOpenApiResource  : Init duration for springdoc-openapi is: 800 ms
2025-03-28T19:23:48.914+05:30  INFO 9296 --- [InterviewProject] [RMI TCP Connection(10)-127.0.0.1] inMXBeanRegistrar$SpringApplicationAdmin : Application shutdown requested.
2025-03-28T19:23:49.240+05:30  INFO 9296 --- [InterviewProject] [RMI TCP Connection(10)-127.0.0.1] j.LocalContainerEntityManagerFactoryBean : Closing JPA EntityManagerFactory for persistence unit 'default'
2025-03-28T19:23:49.247+05:30  INFO 9296 --- [InterviewProject] [RMI TCP Connection(10)-127.0.0.1] com.zaxxer.hikari.HikariDataSource       : HikariPool-1 - Shutdown initiated...
2025-03-28T19:23:49.285+05:30  INFO 9296 --- [InterviewProject] [RMI TCP Connection(10)-127.0.0.1] com.zaxxer.hikari.HikariDataSource       : HikariPool-1 - Shutdown completed.
2025-03-28T19:40:07.547+05:30  INFO 12908 --- [InterviewProject] [restartedMain] c.example.InterviewProjectApplication    : Starting InterviewProjectApplication using Java 17.0.12 with PID 12908 (D:\sts_workSpace\InterviewProject\target\classes started by YOGESH in D:\sts_workSpace\InterviewProject)
2025-03-28T19:40:07.550+05:30  INFO 12908 --- [InterviewProject] [restartedMain] c.example.InterviewProjectApplication    : No active profile set, falling back to 1 default profile: "default"
2025-03-28T19:40:07.634+05:30  INFO 12908 --- [InterviewProject] [restartedMain] .e.DevToolsPropertyDefaultsPostProcessor : Devtools property defaults active! Set 'spring.devtools.add-properties' to 'false' to disable
2025-03-28T19:40:07.634+05:30  INFO 12908 --- [InterviewProject] [restartedMain] .e.DevToolsPropertyDefaultsPostProcessor : For additional web related logging consider setting the 'logging.level.web' property to 'DEBUG'
2025-03-28T19:40:08.753+05:30  INFO 12908 --- [InterviewProject] [restartedMain] .s.d.r.c.RepositoryConfigurationDelegate : Bootstrapping Spring Data JPA repositories in DEFAULT mode.
2025-03-28T19:40:08.828+05:30  INFO 12908 --- [InterviewProject] [restartedMain] .s.d.r.c.RepositoryConfigurationDelegate : Finished Spring Data repository scanning in 62 ms. Found 3 JPA repository interfaces.
2025-03-28T19:40:09.910+05:30  WARN 12908 --- [InterviewProject] [restartedMain] trationDelegate$BeanPostProcessorChecker : Bean 'org.springframework.ws.config.annotation.DelegatingWsConfiguration' of type [org.springframework.ws.config.annotation.DelegatingWsConfiguration$$SpringCGLIB$$0] is not eligible for getting processed by all BeanPostProcessors (for example: not eligible for auto-proxying). The currently created BeanPostProcessor [annotationActionEndpointMapping] is declared through a non-static factory method on that class; consider declaring it as static instead.
2025-03-28T19:40:09.989+05:30  INFO 12908 --- [InterviewProject] [restartedMain] .w.s.a.s.AnnotationActionEndpointMapping : Supporting [WS-Addressing August 2004, WS-Addressing 1.0]
2025-03-28T19:40:11.036+05:30  INFO 12908 --- [InterviewProject] [restartedMain] o.s.b.w.embedded.tomcat.TomcatWebServer  : Tomcat initialized with port 8081 (http)
2025-03-28T19:40:11.065+05:30  INFO 12908 --- [InterviewProject] [restartedMain] o.apache.catalina.core.StandardService   : Starting service [Tomcat]
2025-03-28T19:40:11.065+05:30  INFO 12908 --- [InterviewProject] [restartedMain] o.apache.catalina.core.StandardEngine    : Starting Servlet engine: [Apache Tomcat/10.1.30]
2025-03-28T19:40:11.236+05:30  INFO 12908 --- [InterviewProject] [restartedMain] o.a.c.c.C.[Tomcat].[localhost].[/]       : Initializing Spring embedded WebApplicationContext
2025-03-28T19:40:11.237+05:30  INFO 12908 --- [InterviewProject] [restartedMain] w.s.c.ServletWebServerApplicationContext : Root WebApplicationContext: initialization completed in 3599 ms
2025-03-28T19:40:11.771+05:30  INFO 12908 --- [InterviewProject] [restartedMain] o.hibernate.jpa.internal.util.LogHelper  : HHH000204: Processing PersistenceUnitInfo [name: default]
2025-03-28T19:40:11.853+05:30  INFO 12908 --- [InterviewProject] [restartedMain] org.hibernate.Version                    : HHH000412: Hibernate ORM core version 6.5.3.Final
2025-03-28T19:40:11.902+05:30  INFO 12908 --- [InterviewProject] [restartedMain] o.h.c.internal.RegionFactoryInitiator    : HHH000026: Second-level cache disabled
2025-03-28T19:40:12.296+05:30  INFO 12908 --- [InterviewProject] [restartedMain] o.s.o.j.p.SpringPersistenceUnitInfo      : No LoadTimeWeaver setup: ignoring JPA class transformer
2025-03-28T19:40:12.334+05:30  INFO 12908 --- [InterviewProject] [restartedMain] com.zaxxer.hikari.HikariDataSource       : HikariPool-1 - Starting...
2025-03-28T19:40:12.891+05:30  INFO 12908 --- [InterviewProject] [restartedMain] com.zaxxer.hikari.pool.HikariPool        : HikariPool-1 - Added connection com.mysql.cj.jdbc.ConnectionImpl@59cd7231
2025-03-28T19:40:12.896+05:30  INFO 12908 --- [InterviewProject] [restartedMain] com.zaxxer.hikari.HikariDataSource       : HikariPool-1 - Start completed.
2025-03-28T19:40:12.988+05:30  WARN 12908 --- [InterviewProject] [restartedMain] org.hibernate.orm.deprecation            : HHH90000025: MySQL8Dialect does not need to be specified explicitly using 'hibernate.dialect' (remove the property setting and it will be selected by default)
2025-03-28T19:40:12.990+05:30  WARN 12908 --- [InterviewProject] [restartedMain] org.hibernate.orm.deprecation            : HHH90000026: MySQL8Dialect has been deprecated; use org.hibernate.dialect.MySQLDialect instead
2025-03-28T19:40:14.551+05:30  INFO 12908 --- [InterviewProject] [restartedMain] o.h.e.t.j.p.i.JtaPlatformInitiator       : HHH000489: No JTA platform available (set 'hibernate.transaction.jta.platform' to enable JTA platform integration)
2025-03-28T19:40:14.665+05:30  INFO 12908 --- [InterviewProject] [restartedMain] j.LocalContainerEntityManagerFactoryBean : Initialized JPA EntityManagerFactory for persistence unit 'default'
2025-03-28T19:40:15.172+05:30  INFO 12908 --- [InterviewProject] [restartedMain] o.s.d.j.r.query.QueryEnhancerFactory     : Hibernate is in classpath; If applicable, HQL parser will be used.
2025-03-28T19:40:15.554+05:30  WARN 12908 --- [InterviewProject] [restartedMain] JpaBaseConfiguration$JpaWebConfiguration : spring.jpa.open-in-view is enabled by default. Therefore, database queries may be performed during view rendering. Explicitly configure spring.jpa.open-in-view to disable this warning
2025-03-28T19:40:17.219+05:30  INFO 12908 --- [InterviewProject] [restartedMain] o.s.b.d.a.OptionalLiveReloadServer       : LiveReload server is running on port 35729
2025-03-28T19:40:17.230+05:30  INFO 12908 --- [InterviewProject] [restartedMain] o.s.b.a.e.web.EndpointLinksResolver      : Exposing 2 endpoints beneath base path '/actuator'
2025-03-28T19:40:17.362+05:30  INFO 12908 --- [InterviewProject] [restartedMain] o.s.b.w.embedded.tomcat.TomcatWebServer  : Tomcat started on port 8081 (http) with context path '/'
2025-03-28T19:40:17.386+05:30  INFO 12908 --- [InterviewProject] [restartedMain] c.example.InterviewProjectApplication    : Started InterviewProjectApplication in 10.279 seconds (process running for 11.342)
2025-03-28T19:40:17.852+05:30  INFO 12908 --- [InterviewProject] [RMI TCP Connection(4)-127.0.0.1] o.a.c.c.C.[Tomcat].[localhost].[/]       : Initializing Spring DispatcherServlet 'dispatcherServlet'
2025-03-28T19:40:17.852+05:30  INFO 12908 --- [InterviewProject] [RMI TCP Connection(4)-127.0.0.1] o.s.web.servlet.DispatcherServlet        : Initializing Servlet 'dispatcherServlet'
2025-03-28T19:40:17.855+05:30  INFO 12908 --- [InterviewProject] [RMI TCP Connection(4)-127.0.0.1] o.s.web.servlet.DispatcherServlet        : Completed initialization in 1 ms
2025-03-28T19:40:25.022+05:30  INFO 12908 --- [InterviewProject] [http-nio-8081-exec-5] o.springdoc.api.AbstractOpenApiResource  : Init duration for springdoc-openapi is: 324 ms
2025-03-28T19:41:18.587+05:30  INFO 12908 --- [InterviewProject] [File Watcher] rtingClassPathChangeChangedEventListener : Restarting due to 1 class path change (0 additions, 0 deletions, 1 modification)
2025-03-28T19:41:18.775+05:30  INFO 12908 --- [InterviewProject] [Thread-5] j.LocalContainerEntityManagerFactoryBean : Closing JPA EntityManagerFactory for persistence unit 'default'
2025-03-28T19:41:18.781+05:30  INFO 12908 --- [InterviewProject] [Thread-5] com.zaxxer.hikari.HikariDataSource       : HikariPool-1 - Shutdown initiated...
2025-03-28T19:41:18.801+05:30  INFO 12908 --- [InterviewProject] [Thread-5] com.zaxxer.hikari.HikariDataSource       : HikariPool-1 - Shutdown completed.
2025-03-28T19:41:18.896+05:30  INFO 12908 --- [InterviewProject] [restartedMain] c.example.InterviewProjectApplication    : Starting InterviewProjectApplication using Java 17.0.12 with PID 12908 (D:\sts_workSpace\InterviewProject\target\classes started by YOGESH in D:\sts_workSpace\InterviewProject)
2025-03-28T19:41:18.896+05:30  INFO 12908 --- [InterviewProject] [restartedMain] c.example.InterviewProjectApplication    : No active profile set, falling back to 1 default profile: "default"
2025-03-28T19:41:19.166+05:30  INFO 12908 --- [InterviewProject] [restartedMain] .s.d.r.c.RepositoryConfigurationDelegate : Bootstrapping Spring Data JPA repositories in DEFAULT mode.
2025-03-28T19:41:19.181+05:30  INFO 12908 --- [InterviewProject] [restartedMain] .s.d.r.c.RepositoryConfigurationDelegate : Finished Spring Data repository scanning in 14 ms. Found 3 JPA repository interfaces.
2025-03-28T19:41:19.370+05:30  WARN 12908 --- [InterviewProject] [restartedMain] trationDelegate$BeanPostProcessorChecker : Bean 'org.springframework.ws.config.annotation.DelegatingWsConfiguration' of type [org.springframework.ws.config.annotation.DelegatingWsConfiguration$$SpringCGLIB$$0] is not eligible for getting processed by all BeanPostProcessors (for example: not eligible for auto-proxying). The currently created BeanPostProcessor [annotationActionEndpointMapping] is declared through a non-static factory method on that class; consider declaring it as static instead.
2025-03-28T19:41:19.372+05:30  INFO 12908 --- [InterviewProject] [restartedMain] .w.s.a.s.AnnotationActionEndpointMapping : Supporting [WS-Addressing August 2004, WS-Addressing 1.0]
2025-03-28T19:41:19.518+05:30  INFO 12908 --- [InterviewProject] [restartedMain] o.s.b.w.embedded.tomcat.TomcatWebServer  : Tomcat initialized with port 8081 (http)
2025-03-28T19:41:19.519+05:30  INFO 12908 --- [InterviewProject] [restartedMain] o.apache.catalina.core.StandardService   : Starting service [Tomcat]
2025-03-28T19:41:19.520+05:30  INFO 12908 --- [InterviewProject] [restartedMain] o.apache.catalina.core.StandardEngine    : Starting Servlet engine: [Apache Tomcat/10.1.30]
2025-03-28T19:41:19.560+05:30  INFO 12908 --- [InterviewProject] [restartedMain] o.a.c.c.C.[Tomcat].[localhost].[/]       : Initializing Spring embedded WebApplicationContext
2025-03-28T19:41:19.561+05:30  INFO 12908 --- [InterviewProject] [restartedMain] w.s.c.ServletWebServerApplicationContext : Root WebApplicationContext: initialization completed in 663 ms
2025-03-28T19:41:19.663+05:30  INFO 12908 --- [InterviewProject] [restartedMain] o.hibernate.jpa.internal.util.LogHelper  : HHH000204: Processing PersistenceUnitInfo [name: default]
2025-03-28T19:41:19.667+05:30  INFO 12908 --- [InterviewProject] [restartedMain] o.h.c.internal.RegionFactoryInitiator    : HHH000026: Second-level cache disabled
2025-03-28T19:41:19.695+05:30  INFO 12908 --- [InterviewProject] [restartedMain] o.s.o.j.p.SpringPersistenceUnitInfo      : No LoadTimeWeaver setup: ignoring JPA class transformer
2025-03-28T19:41:19.696+05:30  INFO 12908 --- [InterviewProject] [restartedMain] com.zaxxer.hikari.HikariDataSource       : HikariPool-2 - Starting...
2025-03-28T19:41:19.729+05:30  INFO 12908 --- [InterviewProject] [restartedMain] com.zaxxer.hikari.pool.HikariPool        : HikariPool-2 - Added connection com.mysql.cj.jdbc.ConnectionImpl@7ab380ea
2025-03-28T19:41:19.729+05:30  INFO 12908 --- [InterviewProject] [restartedMain] com.zaxxer.hikari.HikariDataSource       : HikariPool-2 - Start completed.
2025-03-28T19:41:19.730+05:30  WARN 12908 --- [InterviewProject] [restartedMain] org.hibernate.orm.deprecation            : HHH90000025: MySQL8Dialect does not need to be specified explicitly using 'hibernate.dialect' (remove the property setting and it will be selected by default)
2025-03-28T19:41:19.730+05:30  WARN 12908 --- [InterviewProject] [restartedMain] org.hibernate.orm.deprecation            : HHH90000026: MySQL8Dialect has been deprecated; use org.hibernate.dialect.MySQLDialect instead
2025-03-28T19:41:19.955+05:30  INFO 12908 --- [InterviewProject] [restartedMain] o.h.e.t.j.p.i.JtaPlatformInitiator       : HHH000489: No JTA platform available (set 'hibernate.transaction.jta.platform' to enable JTA platform integration)
2025-03-28T19:41:19.996+05:30  INFO 12908 --- [InterviewProject] [restartedMain] j.LocalContainerEntityManagerFactoryBean : Initialized JPA EntityManagerFactory for persistence unit 'default'
2025-03-28T19:41:20.433+05:30  WARN 12908 --- [InterviewProject] [restartedMain] JpaBaseConfiguration$JpaWebConfiguration : spring.jpa.open-in-view is enabled by default. Therefore, database queries may be performed during view rendering. Explicitly configure spring.jpa.open-in-view to disable this warning
2025-03-28T19:41:21.266+05:30  INFO 12908 --- [InterviewProject] [restartedMain] o.s.b.d.a.OptionalLiveReloadServer       : LiveReload server is running on port 35729
2025-03-28T19:41:21.279+05:30  INFO 12908 --- [InterviewProject] [restartedMain] o.s.b.a.e.web.EndpointLinksResolver      : Exposing 2 endpoints beneath base path '/actuator'
2025-03-28T19:41:21.337+05:30  INFO 12908 --- [InterviewProject] [restartedMain] o.s.b.w.embedded.tomcat.TomcatWebServer  : Tomcat started on port 8081 (http) with context path '/'
2025-03-28T19:41:21.353+05:30  INFO 12908 --- [InterviewProject] [restartedMain] c.example.InterviewProjectApplication    : Started InterviewProjectApplication in 2.478 seconds (process running for 75.309)
2025-03-28T19:41:21.362+05:30  INFO 12908 --- [InterviewProject] [restartedMain] .ConditionEvaluationDeltaLoggingListener : Condition evaluation unchanged
2025-03-28T19:41:23.685+05:30  INFO 12908 --- [InterviewProject] [http-nio-8081-exec-1] o.a.c.c.C.[Tomcat].[localhost].[/]       : Initializing Spring DispatcherServlet 'dispatcherServlet'
2025-03-28T19:41:23.685+05:30  INFO 12908 --- [InterviewProject] [http-nio-8081-exec-1] o.s.web.servlet.DispatcherServlet        : Initializing Servlet 'dispatcherServlet'
2025-03-28T19:41:23.692+05:30  INFO 12908 --- [InterviewProject] [http-nio-8081-exec-1] o.s.web.servlet.DispatcherServlet        : Completed initialization in 7 ms
2025-03-28T19:41:24.756+05:30  INFO 12908 --- [InterviewProject] [http-nio-8081-exec-4] o.springdoc.api.AbstractOpenApiResource  : Init duration for springdoc-openapi is: 147 ms
2025-03-28T19:41:30.492+05:30  INFO 12908 --- [InterviewProject] [RMI TCP Connection(7)-127.0.0.1] inMXBeanRegistrar$SpringApplicationAdmin : Application shutdown requested.
2025-03-28T19:41:30.780+05:30  INFO 12908 --- [InterviewProject] [RMI TCP Connection(7)-127.0.0.1] j.LocalContainerEntityManagerFactoryBean : Closing JPA EntityManagerFactory for persistence unit 'default'
2025-03-28T19:41:30.789+05:30  INFO 12908 --- [InterviewProject] [RMI TCP Connection(7)-127.0.0.1] com.zaxxer.hikari.HikariDataSource       : HikariPool-2 - Shutdown initiated...
2025-03-28T19:41:30.805+05:30  INFO 12908 --- [InterviewProject] [RMI TCP Connection(7)-127.0.0.1] com.zaxxer.hikari.HikariDataSource       : HikariPool-2 - Shutdown completed.
2025-03-28T19:41:44.897+05:30  INFO 13568 --- [InterviewProject] [restartedMain] c.example.InterviewProjectApplication    : Starting InterviewProjectApplication using Java 17.0.12 with PID 13568 (D:\sts_workSpace\InterviewProject\target\classes started by YOGESH in D:\sts_workSpace\InterviewProject)
2025-03-28T19:41:44.899+05:30  INFO 13568 --- [InterviewProject] [restartedMain] c.example.InterviewProjectApplication    : No active profile set, falling back to 1 default profile: "default"
2025-03-28T19:41:44.979+05:30  INFO 13568 --- [InterviewProject] [restartedMain] .e.DevToolsPropertyDefaultsPostProcessor : Devtools property defaults active! Set 'spring.devtools.add-properties' to 'false' to disable
2025-03-28T19:41:44.980+05:30  INFO 13568 --- [InterviewProject] [restartedMain] .e.DevToolsPropertyDefaultsPostProcessor : For additional web related logging consider setting the 'logging.level.web' property to 'DEBUG'
2025-03-28T19:41:46.212+05:30  INFO 13568 --- [InterviewProject] [restartedMain] .s.d.r.c.RepositoryConfigurationDelegate : Bootstrapping Spring Data JPA repositories in DEFAULT mode.
2025-03-28T19:41:46.310+05:30  INFO 13568 --- [InterviewProject] [restartedMain] .s.d.r.c.RepositoryConfigurationDelegate : Finished Spring Data repository scanning in 83 ms. Found 3 JPA repository interfaces.
2025-03-28T19:41:47.406+05:30  WARN 13568 --- [InterviewProject] [restartedMain] trationDelegate$BeanPostProcessorChecker : Bean 'org.springframework.ws.config.annotation.DelegatingWsConfiguration' of type [org.springframework.ws.config.annotation.DelegatingWsConfiguration$$SpringCGLIB$$0] is not eligible for getting processed by all BeanPostProcessors (for example: not eligible for auto-proxying). The currently created BeanPostProcessor [annotationActionEndpointMapping] is declared through a non-static factory method on that class; consider declaring it as static instead.
2025-03-28T19:41:47.479+05:30  INFO 13568 --- [InterviewProject] [restartedMain] .w.s.a.s.AnnotationActionEndpointMapping : Supporting [WS-Addressing August 2004, WS-Addressing 1.0]
2025-03-28T19:41:48.429+05:30  INFO 13568 --- [InterviewProject] [restartedMain] o.s.b.w.embedded.tomcat.TomcatWebServer  : Tomcat initialized with port 8081 (http)
2025-03-28T19:41:48.445+05:30  INFO 13568 --- [InterviewProject] [restartedMain] o.apache.catalina.core.StandardService   : Starting service [Tomcat]
2025-03-28T19:41:48.445+05:30  INFO 13568 --- [InterviewProject] [restartedMain] o.apache.catalina.core.StandardEngine    : Starting Servlet engine: [Apache Tomcat/10.1.30]
2025-03-28T19:41:48.512+05:30  INFO 13568 --- [InterviewProject] [restartedMain] o.a.c.c.C.[Tomcat].[localhost].[/]       : Initializing Spring embedded WebApplicationContext
2025-03-28T19:41:48.512+05:30  INFO 13568 --- [InterviewProject] [restartedMain] w.s.c.ServletWebServerApplicationContext : Root WebApplicationContext: initialization completed in 3532 ms
2025-03-28T19:41:48.907+05:30  INFO 13568 --- [InterviewProject] [restartedMain] o.hibernate.jpa.internal.util.LogHelper  : HHH000204: Processing PersistenceUnitInfo [name: default]
2025-03-28T19:41:48.983+05:30  INFO 13568 --- [InterviewProject] [restartedMain] org.hibernate.Version                    : HHH000412: Hibernate ORM core version 6.5.3.Final
2025-03-28T19:41:49.029+05:30  INFO 13568 --- [InterviewProject] [restartedMain] o.h.c.internal.RegionFactoryInitiator    : HHH000026: Second-level cache disabled
2025-03-28T19:41:49.523+05:30  INFO 13568 --- [InterviewProject] [restartedMain] o.s.o.j.p.SpringPersistenceUnitInfo      : No LoadTimeWeaver setup: ignoring JPA class transformer
2025-03-28T19:41:49.581+05:30  INFO 13568 --- [InterviewProject] [restartedMain] com.zaxxer.hikari.HikariDataSource       : HikariPool-1 - Starting...
2025-03-28T19:41:49.962+05:30  INFO 13568 --- [InterviewProject] [restartedMain] com.zaxxer.hikari.pool.HikariPool        : HikariPool-1 - Added connection com.mysql.cj.jdbc.ConnectionImpl@789ea5
2025-03-28T19:41:49.965+05:30  INFO 13568 --- [InterviewProject] [restartedMain] com.zaxxer.hikari.HikariDataSource       : HikariPool-1 - Start completed.
2025-03-28T19:41:50.038+05:30  WARN 13568 --- [InterviewProject] [restartedMain] org.hibernate.orm.deprecation            : HHH90000025: MySQL8Dialect does not need to be specified explicitly using 'hibernate.dialect' (remove the property setting and it will be selected by default)
2025-03-28T19:41:50.040+05:30  WARN 13568 --- [InterviewProject] [restartedMain] org.hibernate.orm.deprecation            : HHH90000026: MySQL8Dialect has been deprecated; use org.hibernate.dialect.MySQLDialect instead
2025-03-28T19:41:51.506+05:30  INFO 13568 --- [InterviewProject] [restartedMain] o.h.e.t.j.p.i.JtaPlatformInitiator       : HHH000489: No JTA platform available (set 'hibernate.transaction.jta.platform' to enable JTA platform integration)
2025-03-28T19:41:51.623+05:30  INFO 13568 --- [InterviewProject] [restartedMain] j.LocalContainerEntityManagerFactoryBean : Initialized JPA EntityManagerFactory for persistence unit 'default'
2025-03-28T19:41:52.203+05:30  INFO 13568 --- [InterviewProject] [restartedMain] o.s.d.j.r.query.QueryEnhancerFactory     : Hibernate is in classpath; If applicable, HQL parser will be used.
2025-03-28T19:41:52.517+05:30  WARN 13568 --- [InterviewProject] [restartedMain] JpaBaseConfiguration$JpaWebConfiguration : spring.jpa.open-in-view is enabled by default. Therefore, database queries may be performed during view rendering. Explicitly configure spring.jpa.open-in-view to disable this warning
2025-03-28T19:41:54.353+05:30  INFO 13568 --- [InterviewProject] [restartedMain] o.s.b.d.a.OptionalLiveReloadServer       : LiveReload server is running on port 35729
2025-03-28T19:41:54.366+05:30  INFO 13568 --- [InterviewProject] [restartedMain] o.s.b.a.e.web.EndpointLinksResolver      : Exposing 2 endpoints beneath base path '/actuator'
2025-03-28T19:41:54.554+05:30  INFO 13568 --- [InterviewProject] [restartedMain] o.s.b.w.embedded.tomcat.TomcatWebServer  : Tomcat started on port 8081 (http) with context path '/'
2025-03-28T19:41:54.583+05:30  INFO 13568 --- [InterviewProject] [restartedMain] c.example.InterviewProjectApplication    : Started InterviewProjectApplication in 10.238 seconds (process running for 11.282)
2025-03-28T19:41:54.977+05:30  INFO 13568 --- [InterviewProject] [RMI TCP Connection(4)-127.0.0.1] o.a.c.c.C.[Tomcat].[localhost].[/]       : Initializing Spring DispatcherServlet 'dispatcherServlet'
2025-03-28T19:41:54.979+05:30  INFO 13568 --- [InterviewProject] [RMI TCP Connection(4)-127.0.0.1] o.s.web.servlet.DispatcherServlet        : Initializing Servlet 'dispatcherServlet'
2025-03-28T19:41:54.984+05:30  INFO 13568 --- [InterviewProject] [RMI TCP Connection(4)-127.0.0.1] o.s.web.servlet.DispatcherServlet        : Completed initialization in 3 ms
2025-03-28T19:42:02.743+05:30  INFO 13568 --- [InterviewProject] [http-nio-8081-exec-5] o.springdoc.api.AbstractOpenApiResource  : Init duration for springdoc-openapi is: 358 ms
2025-03-28T19:42:31.425+05:30  INFO 13568 --- [InterviewProject] [File Watcher] rtingClassPathChangeChangedEventListener : Restarting due to 1 class path change (0 additions, 0 deletions, 1 modification)
2025-03-28T19:42:31.556+05:30  INFO 13568 --- [InterviewProject] [Thread-5] j.LocalContainerEntityManagerFactoryBean : Closing JPA EntityManagerFactory for persistence unit 'default'
2025-03-28T19:42:31.559+05:30  INFO 13568 --- [InterviewProject] [Thread-5] com.zaxxer.hikari.HikariDataSource       : HikariPool-1 - Shutdown initiated...
2025-03-28T19:42:31.573+05:30  INFO 13568 --- [InterviewProject] [Thread-5] com.zaxxer.hikari.HikariDataSource       : HikariPool-1 - Shutdown completed.
2025-03-28T19:42:31.669+05:30  INFO 13568 --- [InterviewProject] [restartedMain] c.example.InterviewProjectApplication    : Starting InterviewProjectApplication using Java 17.0.12 with PID 13568 (D:\sts_workSpace\InterviewProject\target\classes started by YOGESH in D:\sts_workSpace\InterviewProject)
2025-03-28T19:42:31.669+05:30  INFO 13568 --- [InterviewProject] [restartedMain] c.example.InterviewProjectApplication    : No active profile set, falling back to 1 default profile: "default"
2025-03-28T19:42:31.935+05:30  INFO 13568 --- [InterviewProject] [restartedMain] .s.d.r.c.RepositoryConfigurationDelegate : Bootstrapping Spring Data JPA repositories in DEFAULT mode.
2025-03-28T19:42:31.952+05:30  INFO 13568 --- [InterviewProject] [restartedMain] .s.d.r.c.RepositoryConfigurationDelegate : Finished Spring Data repository scanning in 15 ms. Found 3 JPA repository interfaces.
2025-03-28T19:42:32.177+05:30  WARN 13568 --- [InterviewProject] [restartedMain] trationDelegate$BeanPostProcessorChecker : Bean 'org.springframework.ws.config.annotation.DelegatingWsConfiguration' of type [org.springframework.ws.config.annotation.DelegatingWsConfiguration$$SpringCGLIB$$0] is not eligible for getting processed by all BeanPostProcessors (for example: not eligible for auto-proxying). The currently created BeanPostProcessor [annotationActionEndpointMapping] is declared through a non-static factory method on that class; consider declaring it as static instead.
2025-03-28T19:42:32.180+05:30  INFO 13568 --- [InterviewProject] [restartedMain] .w.s.a.s.AnnotationActionEndpointMapping : Supporting [WS-Addressing August 2004, WS-Addressing 1.0]
2025-03-28T19:42:32.314+05:30  INFO 13568 --- [InterviewProject] [restartedMain] o.s.b.w.embedded.tomcat.TomcatWebServer  : Tomcat initialized with port 8081 (http)
2025-03-28T19:42:32.315+05:30  INFO 13568 --- [InterviewProject] [restartedMain] o.apache.catalina.core.StandardService   : Starting service [Tomcat]
2025-03-28T19:42:32.316+05:30  INFO 13568 --- [InterviewProject] [restartedMain] o.apache.catalina.core.StandardEngine    : Starting Servlet engine: [Apache Tomcat/10.1.30]
2025-03-28T19:42:32.343+05:30  INFO 13568 --- [InterviewProject] [restartedMain] o.a.c.c.C.[Tomcat].[localhost].[/]       : Initializing Spring embedded WebApplicationContext
2025-03-28T19:42:32.343+05:30  INFO 13568 --- [InterviewProject] [restartedMain] w.s.c.ServletWebServerApplicationContext : Root WebApplicationContext: initialization completed in 672 ms
2025-03-28T19:42:32.433+05:30  INFO 13568 --- [InterviewProject] [restartedMain] o.hibernate.jpa.internal.util.LogHelper  : HHH000204: Processing PersistenceUnitInfo [name: default]
2025-03-28T19:42:32.436+05:30  INFO 13568 --- [InterviewProject] [restartedMain] o.h.c.internal.RegionFactoryInitiator    : HHH000026: Second-level cache disabled
2025-03-28T19:42:32.471+05:30  INFO 13568 --- [InterviewProject] [restartedMain] o.s.o.j.p.SpringPersistenceUnitInfo      : No LoadTimeWeaver setup: ignoring JPA class transformer
2025-03-28T19:42:32.472+05:30  INFO 13568 --- [InterviewProject] [restartedMain] com.zaxxer.hikari.HikariDataSource       : HikariPool-2 - Starting...
2025-03-28T19:42:32.496+05:30  INFO 13568 --- [InterviewProject] [restartedMain] com.zaxxer.hikari.pool.HikariPool        : HikariPool-2 - Added connection com.mysql.cj.jdbc.ConnectionImpl@2803a3b4
2025-03-28T19:42:32.496+05:30  INFO 13568 --- [InterviewProject] [restartedMain] com.zaxxer.hikari.HikariDataSource       : HikariPool-2 - Start completed.
2025-03-28T19:42:32.497+05:30  WARN 13568 --- [InterviewProject] [restartedMain] org.hibernate.orm.deprecation            : HHH90000025: MySQL8Dialect does not need to be specified explicitly using 'hibernate.dialect' (remove the property setting and it will be selected by default)
2025-03-28T19:42:32.497+05:30  WARN 13568 --- [InterviewProject] [restartedMain] org.hibernate.orm.deprecation            : HHH90000026: MySQL8Dialect has been deprecated; use org.hibernate.dialect.MySQLDialect instead
2025-03-28T19:42:32.667+05:30  INFO 13568 --- [InterviewProject] [restartedMain] o.h.e.t.j.p.i.JtaPlatformInitiator       : HHH000489: No JTA platform available (set 'hibernate.transaction.jta.platform' to enable JTA platform integration)
2025-03-28T19:42:32.694+05:30  INFO 13568 --- [InterviewProject] [restartedMain] j.LocalContainerEntityManagerFactoryBean : Initialized JPA EntityManagerFactory for persistence unit 'default'
2025-03-28T19:42:33.135+05:30  WARN 13568 --- [InterviewProject] [restartedMain] JpaBaseConfiguration$JpaWebConfiguration : spring.jpa.open-in-view is enabled by default. Therefore, database queries may be performed during view rendering. Explicitly configure spring.jpa.open-in-view to disable this warning
2025-03-28T19:42:33.919+05:30  INFO 13568 --- [InterviewProject] [restartedMain] o.s.b.d.a.OptionalLiveReloadServer       : LiveReload server is running on port 35729
2025-03-28T19:42:33.931+05:30  INFO 13568 --- [InterviewProject] [restartedMain] o.s.b.a.e.web.EndpointLinksResolver      : Exposing 2 endpoints beneath base path '/actuator'
2025-03-28T19:42:33.984+05:30  INFO 13568 --- [InterviewProject] [restartedMain] o.s.b.w.embedded.tomcat.TomcatWebServer  : Tomcat started on port 8081 (http) with context path '/'
2025-03-28T19:42:33.998+05:30  INFO 13568 --- [InterviewProject] [restartedMain] c.example.InterviewProjectApplication    : Started InterviewProjectApplication in 2.355 seconds (process running for 50.696)
2025-03-28T19:42:34.003+05:30  INFO 13568 --- [InterviewProject] [restartedMain] .ConditionEvaluationDeltaLoggingListener : Condition evaluation unchanged
2025-03-28T19:42:39.598+05:30  INFO 13568 --- [InterviewProject] [http-nio-8081-exec-1] o.a.c.c.C.[Tomcat].[localhost].[/]       : Initializing Spring DispatcherServlet 'dispatcherServlet'
2025-03-28T19:42:39.599+05:30  INFO 13568 --- [InterviewProject] [http-nio-8081-exec-1] o.s.web.servlet.DispatcherServlet        : Initializing Servlet 'dispatcherServlet'
2025-03-28T19:42:39.604+05:30  INFO 13568 --- [InterviewProject] [http-nio-8081-exec-1] o.s.web.servlet.DispatcherServlet        : Completed initialization in 4 ms
2025-03-28T19:42:40.053+05:30  INFO 13568 --- [InterviewProject] [http-nio-8081-exec-4] o.springdoc.api.AbstractOpenApiResource  : Init duration for springdoc-openapi is: 139 ms
2025-03-28T19:43:06.005+05:30  WARN 13568 --- [InterviewProject] [http-nio-8081-exec-7] .w.s.m.s.DefaultHandlerExceptionResolver : Resolved [org.springframework.web.HttpMediaTypeNotSupportedException: Content-Type is not supported]
2025-03-28T19:43:26.456+05:30  INFO 13568 --- [InterviewProject] [File Watcher] rtingClassPathChangeChangedEventListener : Restarting due to 1 class path change (0 additions, 0 deletions, 1 modification)
2025-03-28T19:43:26.620+05:30  INFO 13568 --- [InterviewProject] [Thread-7] j.LocalContainerEntityManagerFactoryBean : Closing JPA EntityManagerFactory for persistence unit 'default'
2025-03-28T19:43:26.621+05:30  INFO 13568 --- [InterviewProject] [Thread-7] com.zaxxer.hikari.HikariDataSource       : HikariPool-2 - Shutdown initiated...
2025-03-28T19:43:26.632+05:30  INFO 13568 --- [InterviewProject] [Thread-7] com.zaxxer.hikari.HikariDataSource       : HikariPool-2 - Shutdown completed.
2025-03-28T19:43:26.723+05:30  INFO 13568 --- [InterviewProject] [restartedMain] c.example.InterviewProjectApplication    : Starting InterviewProjectApplication using Java 17.0.12 with PID 13568 (D:\sts_workSpace\InterviewProject\target\classes started by YOGESH in D:\sts_workSpace\InterviewProject)
2025-03-28T19:43:26.723+05:30  INFO 13568 --- [InterviewProject] [restartedMain] c.example.InterviewProjectApplication    : No active profile set, falling back to 1 default profile: "default"
2025-03-28T19:43:27.032+05:30  INFO 13568 --- [InterviewProject] [restartedMain] .s.d.r.c.RepositoryConfigurationDelegate : Bootstrapping Spring Data JPA repositories in DEFAULT mode.
2025-03-28T19:43:27.042+05:30  INFO 13568 --- [InterviewProject] [restartedMain] .s.d.r.c.RepositoryConfigurationDelegate : Finished Spring Data repository scanning in 9 ms. Found 3 JPA repository interfaces.
2025-03-28T19:43:27.247+05:30  WARN 13568 --- [InterviewProject] [restartedMain] trationDelegate$BeanPostProcessorChecker : Bean 'org.springframework.ws.config.annotation.DelegatingWsConfiguration' of type [org.springframework.ws.config.annotation.DelegatingWsConfiguration$$SpringCGLIB$$0] is not eligible for getting processed by all BeanPostProcessors (for example: not eligible for auto-proxying). The currently created BeanPostProcessor [annotationActionEndpointMapping] is declared through a non-static factory method on that class; consider declaring it as static instead.
2025-03-28T19:43:27.249+05:30  INFO 13568 --- [InterviewProject] [restartedMain] .w.s.a.s.AnnotationActionEndpointMapping : Supporting [WS-Addressing August 2004, WS-Addressing 1.0]
2025-03-28T19:43:27.416+05:30  INFO 13568 --- [InterviewProject] [restartedMain] o.s.b.w.embedded.tomcat.TomcatWebServer  : Tomcat initialized with port 8081 (http)
2025-03-28T19:43:27.418+05:30  INFO 13568 --- [InterviewProject] [restartedMain] o.apache.catalina.core.StandardService   : Starting service [Tomcat]
2025-03-28T19:43:27.419+05:30  INFO 13568 --- [InterviewProject] [restartedMain] o.apache.catalina.core.StandardEngine    : Starting Servlet engine: [Apache Tomcat/10.1.30]
2025-03-28T19:43:27.469+05:30  INFO 13568 --- [InterviewProject] [restartedMain] o.a.c.c.C.[Tomcat].[localhost].[/]       : Initializing Spring embedded WebApplicationContext
2025-03-28T19:43:27.470+05:30  INFO 13568 --- [InterviewProject] [restartedMain] w.s.c.ServletWebServerApplicationContext : Root WebApplicationContext: initialization completed in 746 ms
2025-03-28T19:43:27.583+05:30  INFO 13568 --- [InterviewProject] [restartedMain] o.hibernate.jpa.internal.util.LogHelper  : HHH000204: Processing PersistenceUnitInfo [name: default]
2025-03-28T19:43:27.585+05:30  INFO 13568 --- [InterviewProject] [restartedMain] o.h.c.internal.RegionFactoryInitiator    : HHH000026: Second-level cache disabled
2025-03-28T19:43:27.607+05:30  INFO 13568 --- [InterviewProject] [restartedMain] o.s.o.j.p.SpringPersistenceUnitInfo      : No LoadTimeWeaver setup: ignoring JPA class transformer
2025-03-28T19:43:27.608+05:30  INFO 13568 --- [InterviewProject] [restartedMain] com.zaxxer.hikari.HikariDataSource       : HikariPool-3 - Starting...
2025-03-28T19:43:27.632+05:30  INFO 13568 --- [InterviewProject] [restartedMain] com.zaxxer.hikari.pool.HikariPool        : HikariPool-3 - Added connection com.mysql.cj.jdbc.ConnectionImpl@694d7548
2025-03-28T19:43:27.632+05:30  INFO 13568 --- [InterviewProject] [restartedMain] com.zaxxer.hikari.HikariDataSource       : HikariPool-3 - Start completed.
2025-03-28T19:43:27.633+05:30  WARN 13568 --- [InterviewProject] [restartedMain] org.hibernate.orm.deprecation            : HHH90000025: MySQL8Dialect does not need to be specified explicitly using 'hibernate.dialect' (remove the property setting and it will be selected by default)
2025-03-28T19:43:27.633+05:30  WARN 13568 --- [InterviewProject] [restartedMain] org.hibernate.orm.deprecation            : HHH90000026: MySQL8Dialect has been deprecated; use org.hibernate.dialect.MySQLDialect instead
2025-03-28T19:43:27.776+05:30  INFO 13568 --- [InterviewProject] [restartedMain] o.h.e.t.j.p.i.JtaPlatformInitiator       : HHH000489: No JTA platform available (set 'hibernate.transaction.jta.platform' to enable JTA platform integration)
2025-03-28T19:43:27.796+05:30  INFO 13568 --- [InterviewProject] [restartedMain] j.LocalContainerEntityManagerFactoryBean : Initialized JPA EntityManagerFactory for persistence unit 'default'
2025-03-28T19:43:28.172+05:30  WARN 13568 --- [InterviewProject] [restartedMain] JpaBaseConfiguration$JpaWebConfiguration : spring.jpa.open-in-view is enabled by default. Therefore, database queries may be performed during view rendering. Explicitly configure spring.jpa.open-in-view to disable this warning
2025-03-28T19:43:29.049+05:30  INFO 13568 --- [InterviewProject] [restartedMain] o.s.b.d.a.OptionalLiveReloadServer       : LiveReload server is running on port 35729
2025-03-28T19:43:29.059+05:30  INFO 13568 --- [InterviewProject] [restartedMain] o.s.b.a.e.web.EndpointLinksResolver      : Exposing 2 endpoints beneath base path '/actuator'
2025-03-28T19:43:29.104+05:30  INFO 13568 --- [InterviewProject] [restartedMain] o.s.b.w.embedded.tomcat.TomcatWebServer  : Tomcat started on port 8081 (http) with context path '/'
2025-03-28T19:43:29.116+05:30  INFO 13568 --- [InterviewProject] [restartedMain] c.example.InterviewProjectApplication    : Started InterviewProjectApplication in 2.417 seconds (process running for 105.814)
2025-03-28T19:43:29.119+05:30  INFO 13568 --- [InterviewProject] [restartedMain] .ConditionEvaluationDeltaLoggingListener : Condition evaluation unchanged
2025-03-28T19:43:29.396+05:30  INFO 13568 --- [InterviewProject] [RMI TCP Connection(7)-127.0.0.1] inMXBeanRegistrar$SpringApplicationAdmin : Application shutdown requested.
2025-03-28T19:43:29.555+05:30  INFO 13568 --- [InterviewProject] [RMI TCP Connection(7)-127.0.0.1] j.LocalContainerEntityManagerFactoryBean : Closing JPA EntityManagerFactory for persistence unit 'default'
2025-03-28T19:43:29.556+05:30  INFO 13568 --- [InterviewProject] [RMI TCP Connection(7)-127.0.0.1] com.zaxxer.hikari.HikariDataSource       : HikariPool-3 - Shutdown initiated...
2025-03-28T19:43:29.566+05:30  INFO 13568 --- [InterviewProject] [RMI TCP Connection(7)-127.0.0.1] com.zaxxer.hikari.HikariDataSource       : HikariPool-3 - Shutdown completed.
2025-03-28T19:45:22.490+05:30  INFO 20680 --- [InterviewProject] [restartedMain] c.example.InterviewProjectApplication    : Starting InterviewProjectApplication using Java 17.0.12 with PID 20680 (D:\sts_workSpace\InterviewProject\target\classes started by YOGESH in D:\sts_workSpace\InterviewProject)
2025-03-28T19:45:22.493+05:30  INFO 20680 --- [InterviewProject] [restartedMain] c.example.InterviewProjectApplication    : No active profile set, falling back to 1 default profile: "default"
2025-03-28T19:45:22.566+05:30  INFO 20680 --- [InterviewProject] [restartedMain] .e.DevToolsPropertyDefaultsPostProcessor : Devtools property defaults active! Set 'spring.devtools.add-properties' to 'false' to disable
2025-03-28T19:45:22.567+05:30  INFO 20680 --- [InterviewProject] [restartedMain] .e.DevToolsPropertyDefaultsPostProcessor : For additional web related logging consider setting the 'logging.level.web' property to 'DEBUG'
2025-03-28T19:45:23.576+05:30  INFO 20680 --- [InterviewProject] [restartedMain] .s.d.r.c.RepositoryConfigurationDelegate : Bootstrapping Spring Data JPA repositories in DEFAULT mode.
2025-03-28T19:45:23.635+05:30  INFO 20680 --- [InterviewProject] [restartedMain] .s.d.r.c.RepositoryConfigurationDelegate : Finished Spring Data repository scanning in 52 ms. Found 3 JPA repository interfaces.
2025-03-28T19:45:24.775+05:30  WARN 20680 --- [InterviewProject] [restartedMain] trationDelegate$BeanPostProcessorChecker : Bean 'org.springframework.ws.config.annotation.DelegatingWsConfiguration' of type [org.springframework.ws.config.annotation.DelegatingWsConfiguration$$SpringCGLIB$$0] is not eligible for getting processed by all BeanPostProcessors (for example: not eligible for auto-proxying). The currently created BeanPostProcessor [annotationActionEndpointMapping] is declared through a non-static factory method on that class; consider declaring it as static instead.
2025-03-28T19:45:24.829+05:30  INFO 20680 --- [InterviewProject] [restartedMain] .w.s.a.s.AnnotationActionEndpointMapping : Supporting [WS-Addressing August 2004, WS-Addressing 1.0]
2025-03-28T19:45:25.874+05:30  INFO 20680 --- [InterviewProject] [restartedMain] o.s.b.w.embedded.tomcat.TomcatWebServer  : Tomcat initialized with port 8081 (http)
2025-03-28T19:45:25.888+05:30  INFO 20680 --- [InterviewProject] [restartedMain] o.apache.catalina.core.StandardService   : Starting service [Tomcat]
2025-03-28T19:45:25.888+05:30  INFO 20680 --- [InterviewProject] [restartedMain] o.apache.catalina.core.StandardEngine    : Starting Servlet engine: [Apache Tomcat/10.1.30]
2025-03-28T19:45:25.953+05:30  INFO 20680 --- [InterviewProject] [restartedMain] o.a.c.c.C.[Tomcat].[localhost].[/]       : Initializing Spring embedded WebApplicationContext
2025-03-28T19:45:25.954+05:30  INFO 20680 --- [InterviewProject] [restartedMain] w.s.c.ServletWebServerApplicationContext : Root WebApplicationContext: initialization completed in 3387 ms
2025-03-28T19:45:26.323+05:30  INFO 20680 --- [InterviewProject] [restartedMain] o.hibernate.jpa.internal.util.LogHelper  : HHH000204: Processing PersistenceUnitInfo [name: default]
2025-03-28T19:45:26.381+05:30  INFO 20680 --- [InterviewProject] [restartedMain] org.hibernate.Version                    : HHH000412: Hibernate ORM core version 6.5.3.Final
2025-03-28T19:45:26.414+05:30  INFO 20680 --- [InterviewProject] [restartedMain] o.h.c.internal.RegionFactoryInitiator    : HHH000026: Second-level cache disabled
2025-03-28T19:45:26.863+05:30  INFO 20680 --- [InterviewProject] [restartedMain] o.s.o.j.p.SpringPersistenceUnitInfo      : No LoadTimeWeaver setup: ignoring JPA class transformer
2025-03-28T19:45:26.899+05:30  INFO 20680 --- [InterviewProject] [restartedMain] com.zaxxer.hikari.HikariDataSource       : HikariPool-1 - Starting...
2025-03-28T19:45:27.331+05:30  INFO 20680 --- [InterviewProject] [restartedMain] com.zaxxer.hikari.pool.HikariPool        : HikariPool-1 - Added connection com.mysql.cj.jdbc.ConnectionImpl@52b0e294
2025-03-28T19:45:27.335+05:30  INFO 20680 --- [InterviewProject] [restartedMain] com.zaxxer.hikari.HikariDataSource       : HikariPool-1 - Start completed.
2025-03-28T19:45:27.431+05:30  WARN 20680 --- [InterviewProject] [restartedMain] org.hibernate.orm.deprecation            : HHH90000025: MySQL8Dialect does not need to be specified explicitly using 'hibernate.dialect' (remove the property setting and it will be selected by default)
2025-03-28T19:45:27.432+05:30  WARN 20680 --- [InterviewProject] [restartedMain] org.hibernate.orm.deprecation            : HHH90000026: MySQL8Dialect has been deprecated; use org.hibernate.dialect.MySQLDialect instead
2025-03-28T19:45:28.798+05:30  INFO 20680 --- [InterviewProject] [restartedMain] o.h.e.t.j.p.i.JtaPlatformInitiator       : HHH000489: No JTA platform available (set 'hibernate.transaction.jta.platform' to enable JTA platform integration)
2025-03-28T19:45:28.877+05:30  INFO 20680 --- [InterviewProject] [restartedMain] j.LocalContainerEntityManagerFactoryBean : Initialized JPA EntityManagerFactory for persistence unit 'default'
2025-03-28T19:45:29.385+05:30  INFO 20680 --- [InterviewProject] [restartedMain] o.s.d.j.r.query.QueryEnhancerFactory     : Hibernate is in classpath; If applicable, HQL parser will be used.
2025-03-28T19:45:29.730+05:30  WARN 20680 --- [InterviewProject] [restartedMain] JpaBaseConfiguration$JpaWebConfiguration : spring.jpa.open-in-view is enabled by default. Therefore, database queries may be performed during view rendering. Explicitly configure spring.jpa.open-in-view to disable this warning
2025-03-28T19:45:31.303+05:30  INFO 20680 --- [InterviewProject] [restartedMain] o.s.b.d.a.OptionalLiveReloadServer       : LiveReload server is running on port 35729
2025-03-28T19:45:31.323+05:30  INFO 20680 --- [InterviewProject] [restartedMain] o.s.b.a.e.web.EndpointLinksResolver      : Exposing 2 endpoints beneath base path '/actuator'
2025-03-28T19:45:31.478+05:30  INFO 20680 --- [InterviewProject] [restartedMain] o.s.b.w.embedded.tomcat.TomcatWebServer  : Tomcat started on port 8081 (http) with context path '/'
2025-03-28T19:45:31.505+05:30  INFO 20680 --- [InterviewProject] [restartedMain] c.example.InterviewProjectApplication    : Started InterviewProjectApplication in 9.476 seconds (process running for 10.552)
2025-03-28T19:45:32.297+05:30  INFO 20680 --- [InterviewProject] [RMI TCP Connection(4)-127.0.0.1] o.a.c.c.C.[Tomcat].[localhost].[/]       : Initializing Spring DispatcherServlet 'dispatcherServlet'
2025-03-28T19:45:32.298+05:30  INFO 20680 --- [InterviewProject] [RMI TCP Connection(4)-127.0.0.1] o.s.web.servlet.DispatcherServlet        : Initializing Servlet 'dispatcherServlet'
2025-03-28T19:45:32.299+05:30  INFO 20680 --- [InterviewProject] [RMI TCP Connection(4)-127.0.0.1] o.s.web.servlet.DispatcherServlet        : Completed initialization in 1 ms
2025-03-28T19:45:38.192+05:30  INFO 20680 --- [InterviewProject] [http-nio-8081-exec-5] o.springdoc.api.AbstractOpenApiResource  : Init duration for springdoc-openapi is: 296 ms
2025-03-28T19:47:43.065+05:30  INFO 20680 --- [InterviewProject] [File Watcher] rtingClassPathChangeChangedEventListener : Restarting due to 1 class path change (0 additions, 0 deletions, 1 modification)
2025-03-28T19:47:43.252+05:30  INFO 20680 --- [InterviewProject] [Thread-5] j.LocalContainerEntityManagerFactoryBean : Closing JPA EntityManagerFactory for persistence unit 'default'
2025-03-28T19:47:43.257+05:30  INFO 20680 --- [InterviewProject] [Thread-5] com.zaxxer.hikari.HikariDataSource       : HikariPool-1 - Shutdown initiated...
2025-03-28T19:47:43.278+05:30  INFO 20680 --- [InterviewProject] [Thread-5] com.zaxxer.hikari.HikariDataSource       : HikariPool-1 - Shutdown completed.
2025-03-28T19:47:43.416+05:30  INFO 20680 --- [InterviewProject] [restartedMain] c.example.InterviewProjectApplication    : Starting InterviewProjectApplication using Java 17.0.12 with PID 20680 (D:\sts_workSpace\InterviewProject\target\classes started by YOGESH in D:\sts_workSpace\InterviewProject)
2025-03-28T19:47:43.416+05:30  INFO 20680 --- [InterviewProject] [restartedMain] c.example.InterviewProjectApplication    : No active profile set, falling back to 1 default profile: "default"
2025-03-28T19:47:43.655+05:30  INFO 20680 --- [InterviewProject] [restartedMain] .s.d.r.c.RepositoryConfigurationDelegate : Bootstrapping Spring Data JPA repositories in DEFAULT mode.
2025-03-28T19:47:43.663+05:30  INFO 20680 --- [InterviewProject] [restartedMain] .s.d.r.c.RepositoryConfigurationDelegate : Finished Spring Data repository scanning in 8 ms. Found 3 JPA repository interfaces.
2025-03-28T20:02:39.061+05:30  INFO 11976 --- [InterviewProject] [restartedMain] c.example.InterviewProjectApplication    : Starting InterviewProjectApplication using Java 17.0.12 with PID 11976 (D:\sts_workSpace\InterviewProject\target\classes started by YOGESH in D:\sts_workSpace\InterviewProject)
2025-03-28T20:02:39.075+05:30  INFO 11976 --- [InterviewProject] [restartedMain] c.example.InterviewProjectApplication    : No active profile set, falling back to 1 default profile: "default"
2025-03-28T20:02:39.292+05:30  INFO 11976 --- [InterviewProject] [restartedMain] .e.DevToolsPropertyDefaultsPostProcessor : Devtools property defaults active! Set 'spring.devtools.add-properties' to 'false' to disable
2025-03-28T20:02:39.294+05:30  INFO 11976 --- [InterviewProject] [restartedMain] .e.DevToolsPropertyDefaultsPostProcessor : For additional web related logging consider setting the 'logging.level.web' property to 'DEBUG'
2025-03-28T20:02:40.909+05:30  INFO 11976 --- [InterviewProject] [restartedMain] .s.d.r.c.RepositoryConfigurationDelegate : Bootstrapping Spring Data JPA repositories in DEFAULT mode.
2025-03-28T20:02:41.000+05:30  INFO 11976 --- [InterviewProject] [restartedMain] .s.d.r.c.RepositoryConfigurationDelegate : Finished Spring Data repository scanning in 74 ms. Found 3 JPA repository interfaces.
2025-03-28T20:02:42.450+05:30  WARN 11976 --- [InterviewProject] [restartedMain] trationDelegate$BeanPostProcessorChecker : Bean 'org.springframework.ws.config.annotation.DelegatingWsConfiguration' of type [org.springframework.ws.config.annotation.DelegatingWsConfiguration$$SpringCGLIB$$0] is not eligible for getting processed by all BeanPostProcessors (for example: not eligible for auto-proxying). The currently created BeanPostProcessor [annotationActionEndpointMapping] is declared through a non-static factory method on that class; consider declaring it as static instead.
2025-03-28T20:02:42.547+05:30  INFO 11976 --- [InterviewProject] [restartedMain] .w.s.a.s.AnnotationActionEndpointMapping : Supporting [WS-Addressing August 2004, WS-Addressing 1.0]
2025-03-28T20:02:43.969+05:30  INFO 11976 --- [InterviewProject] [restartedMain] o.s.b.w.embedded.tomcat.TomcatWebServer  : Tomcat initialized with port 8081 (http)
2025-03-28T20:02:43.989+05:30  INFO 11976 --- [InterviewProject] [restartedMain] o.apache.catalina.core.StandardService   : Starting service [Tomcat]
2025-03-28T20:02:43.990+05:30  INFO 11976 --- [InterviewProject] [restartedMain] o.apache.catalina.core.StandardEngine    : Starting Servlet engine: [Apache Tomcat/10.1.30]
2025-03-28T20:02:44.092+05:30  INFO 11976 --- [InterviewProject] [restartedMain] o.a.c.c.C.[Tomcat].[localhost].[/]       : Initializing Spring embedded WebApplicationContext
2025-03-28T20:02:44.094+05:30  INFO 11976 --- [InterviewProject] [restartedMain] w.s.c.ServletWebServerApplicationContext : Root WebApplicationContext: initialization completed in 4799 ms
2025-03-28T20:02:44.512+05:30  INFO 11976 --- [InterviewProject] [restartedMain] o.hibernate.jpa.internal.util.LogHelper  : HHH000204: Processing PersistenceUnitInfo [name: default]
2025-03-28T20:02:44.631+05:30  INFO 11976 --- [InterviewProject] [restartedMain] org.hibernate.Version                    : HHH000412: Hibernate ORM core version 6.5.3.Final
2025-03-28T20:02:44.694+05:30  INFO 11976 --- [InterviewProject] [restartedMain] o.h.c.internal.RegionFactoryInitiator    : HHH000026: Second-level cache disabled
2025-03-28T20:02:45.444+05:30  INFO 11976 --- [InterviewProject] [restartedMain] o.s.o.j.p.SpringPersistenceUnitInfo      : No LoadTimeWeaver setup: ignoring JPA class transformer
2025-03-28T20:02:45.513+05:30  INFO 11976 --- [InterviewProject] [restartedMain] com.zaxxer.hikari.HikariDataSource       : HikariPool-1 - Starting...
2025-03-28T20:02:46.252+05:30  INFO 11976 --- [InterviewProject] [restartedMain] com.zaxxer.hikari.pool.HikariPool        : HikariPool-1 - Added connection com.mysql.cj.jdbc.ConnectionImpl@1811dc8a
2025-03-28T20:02:46.261+05:30  INFO 11976 --- [InterviewProject] [restartedMain] com.zaxxer.hikari.HikariDataSource       : HikariPool-1 - Start completed.
2025-03-28T20:02:46.355+05:30  WARN 11976 --- [InterviewProject] [restartedMain] org.hibernate.orm.deprecation            : HHH90000025: MySQL8Dialect does not need to be specified explicitly using 'hibernate.dialect' (remove the property setting and it will be selected by default)
2025-03-28T20:02:46.357+05:30  WARN 11976 --- [InterviewProject] [restartedMain] org.hibernate.orm.deprecation            : HHH90000026: MySQL8Dialect has been deprecated; use org.hibernate.dialect.MySQLDialect instead
2025-03-28T20:02:48.781+05:30  INFO 11976 --- [InterviewProject] [restartedMain] o.h.e.t.j.p.i.JtaPlatformInitiator       : HHH000489: No JTA platform available (set 'hibernate.transaction.jta.platform' to enable JTA platform integration)
2025-03-28T20:02:49.218+05:30  INFO 11976 --- [InterviewProject] [restartedMain] j.LocalContainerEntityManagerFactoryBean : Initialized JPA EntityManagerFactory for persistence unit 'default'
2025-03-28T20:02:49.828+05:30  WARN 11976 --- [InterviewProject] [restartedMain] ConfigServletWebServerApplicationContext : Exception encountered during context initialization - cancelling refresh attempt: org.springframework.beans.factory.UnsatisfiedDependencyException: Error creating bean with name 'documentController': Unsatisfied dependency expressed through field 'docmentSrvice': Error creating bean with name 'documentService': Unsatisfied dependency expressed through field 'docRepo': Error creating bean with name 'IDocumentRepo' defined in com.example.repo.IDocumentRepo defined in @EnableJpaRepositories declared on InterviewProjectApplication: Could not create query for public abstract java.util.List com.example.repo.IDocumentRepo.uploadDocSrvice(java.util.List); Reason: Failed to create query for method public abstract java.util.List com.example.repo.IDocumentRepo.uploadDocSrvice(java.util.List); No property 'uploadDocSrvice' found for type 'Document'
2025-03-28T20:02:49.829+05:30  INFO 11976 --- [InterviewProject] [restartedMain] j.LocalContainerEntityManagerFactoryBean : Closing JPA EntityManagerFactory for persistence unit 'default'
2025-03-28T20:02:49.833+05:30  INFO 11976 --- [InterviewProject] [restartedMain] com.zaxxer.hikari.HikariDataSource       : HikariPool-1 - Shutdown initiated...
2025-03-28T20:02:49.851+05:30  INFO 11976 --- [InterviewProject] [restartedMain] com.zaxxer.hikari.HikariDataSource       : HikariPool-1 - Shutdown completed.
2025-03-28T20:02:49.854+05:30  INFO 11976 --- [InterviewProject] [restartedMain] o.apache.catalina.core.StandardService   : Stopping service [Tomcat]
2025-03-28T20:02:49.913+05:30  INFO 11976 --- [InterviewProject] [restartedMain] .s.b.a.l.ConditionEvaluationReportLogger : 

Error starting ApplicationContext. To display the condition evaluation report re-run your application with 'debug' enabled.
2025-03-28T20:02:49.974+05:30 ERROR 11976 --- [InterviewProject] [restartedMain] o.s.boot.SpringApplication               : Application run failed

org.springframework.beans.factory.UnsatisfiedDependencyException: Error creating bean with name 'documentController': Unsatisfied dependency expressed through field 'docmentSrvice': Error creating bean with name 'documentService': Unsatisfied dependency expressed through field 'docRepo': Error creating bean with name 'IDocumentRepo' defined in com.example.repo.IDocumentRepo defined in @EnableJpaRepositories declared on InterviewProjectApplication: Could not create query for public abstract java.util.List com.example.repo.IDocumentRepo.uploadDocSrvice(java.util.List); Reason: Failed to create query for method public abstract java.util.List com.example.repo.IDocumentRepo.uploadDocSrvice(java.util.List); No property 'uploadDocSrvice' found for type 'Document'
	at org.springframework.beans.factory.annotation.AutowiredAnnotationBeanPostProcessor$AutowiredFieldElement.resolveFieldValue(AutowiredAnnotationBeanPostProcessor.java:788) ~[spring-beans-6.1.13.jar:6.1.13]
	at org.springframework.beans.factory.annotation.AutowiredAnnotationBeanPostProcessor$AutowiredFieldElement.inject(AutowiredAnnotationBeanPostProcessor.java:768) ~[spring-beans-6.1.13.jar:6.1.13]
	at org.springframework.beans.factory.annotation.InjectionMetadata.inject(InjectionMetadata.java:145) ~[spring-beans-6.1.13.jar:6.1.13]
	at org.springframework.beans.factory.annotation.AutowiredAnnotationBeanPostProcessor.postProcessProperties(AutowiredAnnotationBeanPostProcessor.java:509) ~[spring-beans-6.1.13.jar:6.1.13]
	at org.springframework.beans.factory.support.AbstractAutowireCapableBeanFactory.populateBean(AbstractAutowireCapableBeanFactory.java:1439) ~[spring-beans-6.1.13.jar:6.1.13]
	at org.springframework.beans.factory.support.AbstractAutowireCapableBeanFactory.doCreateBean(AbstractAutowireCapableBeanFactory.java:599) ~[spring-beans-6.1.13.jar:6.1.13]
	at org.springframework.beans.factory.support.AbstractAutowireCapableBeanFactory.createBean(AbstractAutowireCapableBeanFactory.java:522) ~[spring-beans-6.1.13.jar:6.1.13]
	at org.springframework.beans.factory.support.AbstractBeanFactory.lambda$doGetBean$0(AbstractBeanFactory.java:337) ~[spring-beans-6.1.13.jar:6.1.13]
	at org.springframework.beans.factory.support.DefaultSingletonBeanRegistry.getSingleton(DefaultSingletonBeanRegistry.java:234) ~[spring-beans-6.1.13.jar:6.1.13]
	at org.springframework.beans.factory.support.AbstractBeanFactory.doGetBean(AbstractBeanFactory.java:335) ~[spring-beans-6.1.13.jar:6.1.13]
	at org.springframework.beans.factory.support.AbstractBeanFactory.getBean(AbstractBeanFactory.java:200) ~[spring-beans-6.1.13.jar:6.1.13]
	at org.springframework.beans.factory.support.DefaultListableBeanFactory.preInstantiateSingletons(DefaultListableBeanFactory.java:975) ~[spring-beans-6.1.13.jar:6.1.13]
	at org.springframework.context.support.AbstractApplicationContext.finishBeanFactoryInitialization(AbstractApplicationContext.java:971) ~[spring-context-6.1.13.jar:6.1.13]
	at org.springframework.context.support.AbstractApplicationContext.refresh(AbstractApplicationContext.java:625) ~[spring-context-6.1.13.jar:6.1.13]
	at org.springframework.boot.web.servlet.context.ServletWebServerApplicationContext.refresh(ServletWebServerApplicationContext.java:146) ~[spring-boot-3.3.4.jar:3.3.4]
	at org.springframework.boot.SpringApplication.refresh(SpringApplication.java:754) ~[spring-boot-3.3.4.jar:3.3.4]
	at org.springframework.boot.SpringApplication.refreshContext(SpringApplication.java:456) ~[spring-boot-3.3.4.jar:3.3.4]
	at org.springframework.boot.SpringApplication.run(SpringApplication.java:335) ~[spring-boot-3.3.4.jar:3.3.4]
	at org.springframework.boot.SpringApplication.run(SpringApplication.java:1363) ~[spring-boot-3.3.4.jar:3.3.4]
	at org.springframework.boot.SpringApplication.run(SpringApplication.java:1352) ~[spring-boot-3.3.4.jar:3.3.4]
	at com.example.InterviewProjectApplication.main(InterviewProjectApplication.java:25) ~[classes/:na]
	at java.base/jdk.internal.reflect.NativeMethodAccessorImpl.invoke0(Native Method) ~[na:na]
	at java.base/jdk.internal.reflect.NativeMethodAccessorImpl.invoke(NativeMethodAccessorImpl.java:77) ~[na:na]
	at java.base/jdk.internal.reflect.DelegatingMethodAccessorImpl.invoke(DelegatingMethodAccessorImpl.java:43) ~[na:na]
	at java.base/java.lang.reflect.Method.invoke(Method.java:568) ~[na:na]
	at org.springframework.boot.devtools.restart.RestartLauncher.run(RestartLauncher.java:50) ~[spring-boot-devtools-3.3.4.jar:3.3.4]
Caused by: org.springframework.beans.factory.UnsatisfiedDependencyException: Error creating bean with name 'documentService': Unsatisfied dependency expressed through field 'docRepo': Error creating bean with name 'IDocumentRepo' defined in com.example.repo.IDocumentRepo defined in @EnableJpaRepositories declared on InterviewProjectApplication: Could not create query for public abstract java.util.List com.example.repo.IDocumentRepo.uploadDocSrvice(java.util.List); Reason: Failed to create query for method public abstract java.util.List com.example.repo.IDocumentRepo.uploadDocSrvice(java.util.List); No property 'uploadDocSrvice' found for type 'Document'
	at org.springframework.beans.factory.annotation.AutowiredAnnotationBeanPostProcessor$AutowiredFieldElement.resolveFieldValue(AutowiredAnnotationBeanPostProcessor.java:788) ~[spring-beans-6.1.13.jar:6.1.13]
	at org.springframework.beans.factory.annotation.AutowiredAnnotationBeanPostProcessor$AutowiredFieldElement.inject(AutowiredAnnotationBeanPostProcessor.java:768) ~[spring-beans-6.1.13.jar:6.1.13]
	at org.springframework.beans.factory.annotation.InjectionMetadata.inject(InjectionMetadata.java:145) ~[spring-beans-6.1.13.jar:6.1.13]
	at org.springframework.beans.factory.annotation.AutowiredAnnotationBeanPostProcessor.postProcessProperties(AutowiredAnnotationBeanPostProcessor.java:509) ~[spring-beans-6.1.13.jar:6.1.13]
	at org.springframework.beans.factory.support.AbstractAutowireCapableBeanFactory.populateBean(AbstractAutowireCapableBeanFactory.java:1439) ~[spring-beans-6.1.13.jar:6.1.13]
	at org.springframework.beans.factory.support.AbstractAutowireCapableBeanFactory.doCreateBean(AbstractAutowireCapableBeanFactory.java:599) ~[spring-beans-6.1.13.jar:6.1.13]
	at org.springframework.beans.factory.support.AbstractAutowireCapableBeanFactory.createBean(AbstractAutowireCapableBeanFactory.java:522) ~[spring-beans-6.1.13.jar:6.1.13]
	at org.springframework.beans.factory.support.AbstractBeanFactory.lambda$doGetBean$0(AbstractBeanFactory.java:337) ~[spring-beans-6.1.13.jar:6.1.13]
	at org.springframework.beans.factory.support.DefaultSingletonBeanRegistry.getSingleton(DefaultSingletonBeanRegistry.java:234) ~[spring-beans-6.1.13.jar:6.1.13]
	at org.springframework.beans.factory.support.AbstractBeanFactory.doGetBean(AbstractBeanFactory.java:335) ~[spring-beans-6.1.13.jar:6.1.13]
	at org.springframework.beans.factory.support.AbstractBeanFactory.getBean(AbstractBeanFactory.java:200) ~[spring-beans-6.1.13.jar:6.1.13]
	at org.springframework.beans.factory.config.DependencyDescriptor.resolveCandidate(DependencyDescriptor.java:254) ~[spring-beans-6.1.13.jar:6.1.13]
	at org.springframework.beans.factory.support.DefaultListableBeanFactory.doResolveDependency(DefaultListableBeanFactory.java:1443) ~[spring-beans-6.1.13.jar:6.1.13]
	at org.springframework.beans.factory.support.DefaultListableBeanFactory.resolveDependency(DefaultListableBeanFactory.java:1353) ~[spring-beans-6.1.13.jar:6.1.13]
	at org.springframework.beans.factory.annotation.AutowiredAnnotationBeanPostProcessor$AutowiredFieldElement.resolveFieldValue(AutowiredAnnotationBeanPostProcessor.java:785) ~[spring-beans-6.1.13.jar:6.1.13]
	... 25 common frames omitted
Caused by: org.springframework.beans.factory.BeanCreationException: Error creating bean with name 'IDocumentRepo' defined in com.example.repo.IDocumentRepo defined in @EnableJpaRepositories declared on InterviewProjectApplication: Could not create query for public abstract java.util.List com.example.repo.IDocumentRepo.uploadDocSrvice(java.util.List); Reason: Failed to create query for method public abstract java.util.List com.example.repo.IDocumentRepo.uploadDocSrvice(java.util.List); No property 'uploadDocSrvice' found for type 'Document'
	at org.springframework.beans.factory.support.AbstractAutowireCapableBeanFactory.initializeBean(AbstractAutowireCapableBeanFactory.java:1806) ~[spring-beans-6.1.13.jar:6.1.13]
	at org.springframework.beans.factory.support.AbstractAutowireCapableBeanFactory.doCreateBean(AbstractAutowireCapableBeanFactory.java:600) ~[spring-beans-6.1.13.jar:6.1.13]
	at org.springframework.beans.factory.support.AbstractAutowireCapableBeanFactory.createBean(AbstractAutowireCapableBeanFactory.java:522) ~[spring-beans-6.1.13.jar:6.1.13]
	at org.springframework.beans.factory.support.AbstractBeanFactory.lambda$doGetBean$0(AbstractBeanFactory.java:337) ~[spring-beans-6.1.13.jar:6.1.13]
	at org.springframework.beans.factory.support.DefaultSingletonBeanRegistry.getSingleton(DefaultSingletonBeanRegistry.java:234) ~[spring-beans-6.1.13.jar:6.1.13]
	at org.springframework.beans.factory.support.AbstractBeanFactory.doGetBean(AbstractBeanFactory.java:335) ~[spring-beans-6.1.13.jar:6.1.13]
	at org.springframework.beans.factory.support.AbstractBeanFactory.getBean(AbstractBeanFactory.java:200) ~[spring-beans-6.1.13.jar:6.1.13]
	at org.springframework.beans.factory.config.DependencyDescriptor.resolveCandidate(DependencyDescriptor.java:254) ~[spring-beans-6.1.13.jar:6.1.13]
	at org.springframework.beans.factory.support.DefaultListableBeanFactory.doResolveDependency(DefaultListableBeanFactory.java:1443) ~[spring-beans-6.1.13.jar:6.1.13]
	at org.springframework.beans.factory.support.DefaultListableBeanFactory.resolveDependency(DefaultListableBeanFactory.java:1353) ~[spring-beans-6.1.13.jar:6.1.13]
	at org.springframework.beans.factory.annotation.AutowiredAnnotationBeanPostProcessor$AutowiredFieldElement.resolveFieldValue(AutowiredAnnotationBeanPostProcessor.java:785) ~[spring-beans-6.1.13.jar:6.1.13]
	... 39 common frames omitted
Caused by: org.springframework.data.repository.query.QueryCreationException: Could not create query for public abstract java.util.List com.example.repo.IDocumentRepo.uploadDocSrvice(java.util.List); Reason: Failed to create query for method public abstract java.util.List com.example.repo.IDocumentRepo.uploadDocSrvice(java.util.List); No property 'uploadDocSrvice' found for type 'Document'
	at org.springframework.data.repository.query.QueryCreationException.create(QueryCreationException.java:101) ~[spring-data-commons-3.3.4.jar:3.3.4]
	at org.springframework.data.repository.core.support.QueryExecutorMethodInterceptor.lookupQuery(QueryExecutorMethodInterceptor.java:119) ~[spring-data-commons-3.3.4.jar:3.3.4]
	at org.springframework.data.repository.core.support.QueryExecutorMethodInterceptor.mapMethodsToQuery(QueryExecutorMethodInterceptor.java:103) ~[spring-data-commons-3.3.4.jar:3.3.4]
	at org.springframework.data.repository.core.support.QueryExecutorMethodInterceptor.lambda$new$0(QueryExecutorMethodInterceptor.java:92) ~[spring-data-commons-3.3.4.jar:3.3.4]
	at java.base/java.util.Optional.map(Optional.java:260) ~[na:na]
	at org.springframework.data.repository.core.support.QueryExecutorMethodInterceptor.<init>(QueryExecutorMethodInterceptor.java:92) ~[spring-data-commons-3.3.4.jar:3.3.4]
	at org.springframework.data.repository.core.support.RepositoryFactorySupport.getRepository(RepositoryFactorySupport.java:357) ~[spring-data-commons-3.3.4.jar:3.3.4]
	at org.springframework.data.repository.core.support.RepositoryFactoryBeanSupport.lambda$afterPropertiesSet$5(RepositoryFactoryBeanSupport.java:286) ~[spring-data-commons-3.3.4.jar:3.3.4]
	at org.springframework.data.util.Lazy.getNullable(Lazy.java:135) ~[spring-data-commons-3.3.4.jar:3.3.4]
	at org.springframework.data.util.Lazy.get(Lazy.java:113) ~[spring-data-commons-3.3.4.jar:3.3.4]
	at org.springframework.data.repository.core.support.RepositoryFactoryBeanSupport.afterPropertiesSet(RepositoryFactoryBeanSupport.java:292) ~[spring-data-commons-3.3.4.jar:3.3.4]
	at org.springframework.data.jpa.repository.support.JpaRepositoryFactoryBean.afterPropertiesSet(JpaRepositoryFactoryBean.java:132) ~[spring-data-jpa-3.3.4.jar:3.3.4]
	at org.springframework.beans.factory.support.AbstractAutowireCapableBeanFactory.invokeInitMethods(AbstractAutowireCapableBeanFactory.java:1853) ~[spring-beans-6.1.13.jar:6.1.13]
	at org.springframework.beans.factory.support.AbstractAutowireCapableBeanFactory.initializeBean(AbstractAutowireCapableBeanFactory.java:1802) ~[spring-beans-6.1.13.jar:6.1.13]
	... 49 common frames omitted
Caused by: java.lang.IllegalArgumentException: Failed to create query for method public abstract java.util.List com.example.repo.IDocumentRepo.uploadDocSrvice(java.util.List); No property 'uploadDocSrvice' found for type 'Document'
	at org.springframework.data.jpa.repository.query.PartTreeJpaQuery.<init>(PartTreeJpaQuery.java:107) ~[spring-data-jpa-3.3.4.jar:3.3.4]
	at org.springframework.data.jpa.repository.query.JpaQueryLookupStrategy$CreateQueryLookupStrategy.resolveQuery(JpaQueryLookupStrategy.java:124) ~[spring-data-jpa-3.3.4.jar:3.3.4]
	at org.springframework.data.jpa.repository.query.JpaQueryLookupStrategy$CreateIfNotFoundQueryLookupStrategy.resolveQuery(JpaQueryLookupStrategy.java:258) ~[spring-data-jpa-3.3.4.jar:3.3.4]
	at org.springframework.data.jpa.repository.query.JpaQueryLookupStrategy$AbstractQueryLookupStrategy.resolveQuery(JpaQueryLookupStrategy.java:95) ~[spring-data-jpa-3.3.4.jar:3.3.4]
	at org.springframework.data.repository.core.support.QueryExecutorMethodInterceptor.lookupQuery(QueryExecutorMethodInterceptor.java:115) ~[spring-data-commons-3.3.4.jar:3.3.4]
	... 61 common frames omitted
Caused by: org.springframework.data.mapping.PropertyReferenceException: No property 'uploadDocSrvice' found for type 'Document'
	at org.springframework.data.mapping.PropertyPath.<init>(PropertyPath.java:94) ~[spring-data-commons-3.3.4.jar:3.3.4]
	at org.springframework.data.mapping.PropertyPath.create(PropertyPath.java:455) ~[spring-data-commons-3.3.4.jar:3.3.4]
	at org.springframework.data.mapping.PropertyPath.create(PropertyPath.java:431) ~[spring-data-commons-3.3.4.jar:3.3.4]
	at org.springframework.data.mapping.PropertyPath.lambda$from$0(PropertyPath.java:384) ~[spring-data-commons-3.3.4.jar:3.3.4]
	at java.base/java.util.concurrent.ConcurrentMap.computeIfAbsent(ConcurrentMap.java:330) ~[na:na]
	at org.springframework.data.mapping.PropertyPath.from(PropertyPath.java:366) ~[spring-data-commons-3.3.4.jar:3.3.4]
	at org.springframework.data.mapping.PropertyPath.from(PropertyPath.java:344) ~[spring-data-commons-3.3.4.jar:3.3.4]
	at org.springframework.data.repository.query.parser.Part.<init>(Part.java:81) ~[spring-data-commons-3.3.4.jar:3.3.4]
	at org.springframework.data.repository.query.parser.PartTree$OrPart.lambda$new$0(PartTree.java:259) ~[spring-data-commons-3.3.4.jar:3.3.4]
	at java.base/java.util.stream.ReferencePipeline$3$1.accept(ReferencePipeline.java:197) ~[na:na]
	at java.base/java.util.stream.ReferencePipeline$2$1.accept(ReferencePipeline.java:179) ~[na:na]
	at java.base/java.util.Spliterators$ArraySpliterator.forEachRemaining(Spliterators.java:992) ~[na:na]
	at java.base/java.util.stream.AbstractPipeline.copyInto(AbstractPipeline.java:509) ~[na:na]
	at java.base/java.util.stream.AbstractPipeline.wrapAndCopyInto(AbstractPipeline.java:499) ~[na:na]
	at java.base/java.util.stream.ReduceOps$ReduceOp.evaluateSequential(ReduceOps.java:921) ~[na:na]
	at java.base/java.util.stream.AbstractPipeline.evaluate(AbstractPipeline.java:234) ~[na:na]
	at java.base/java.util.stream.ReferencePipeline.collect(ReferencePipeline.java:682) ~[na:na]
	at org.springframework.data.repository.query.parser.PartTree$OrPart.<init>(PartTree.java:260) ~[spring-data-commons-3.3.4.jar:3.3.4]
	at org.springframework.data.repository.query.parser.PartTree$Predicate.lambda$new$0(PartTree.java:389) ~[spring-data-commons-3.3.4.jar:3.3.4]
	at java.base/java.util.stream.ReferencePipeline$3$1.accept(ReferencePipeline.java:197) ~[na:na]
	at java.base/java.util.stream.ReferencePipeline$2$1.accept(ReferencePipeline.java:179) ~[na:na]
	at java.base/java.util.Spliterators$ArraySpliterator.forEachRemaining(Spliterators.java:992) ~[na:na]
	at java.base/java.util.stream.AbstractPipeline.copyInto(AbstractPipeline.java:509) ~[na:na]
	at java.base/java.util.stream.AbstractPipeline.wrapAndCopyInto(AbstractPipeline.java:499) ~[na:na]
	at java.base/java.util.stream.ReduceOps$ReduceOp.evaluateSequential(ReduceOps.java:921) ~[na:na]
	at java.base/java.util.stream.AbstractPipeline.evaluate(AbstractPipeline.java:234) ~[na:na]
	at java.base/java.util.stream.ReferencePipeline.collect(ReferencePipeline.java:682) ~[na:na]
	at org.springframework.data.repository.query.parser.PartTree$Predicate.<init>(PartTree.java:390) ~[spring-data-commons-3.3.4.jar:3.3.4]
	at org.springframework.data.repository.query.parser.PartTree.<init>(PartTree.java:100) ~[spring-data-commons-3.3.4.jar:3.3.4]
	at org.springframework.data.jpa.repository.query.PartTreeJpaQuery.<init>(PartTreeJpaQuery.java:101) ~[spring-data-jpa-3.3.4.jar:3.3.4]
	... 65 common frames omitted

2025-03-28T20:03:53.882+05:30  INFO 15792 --- [InterviewProject] [restartedMain] c.example.InterviewProjectApplication    : Starting InterviewProjectApplication using Java 17.0.12 with PID 15792 (D:\sts_workSpace\InterviewProject\target\classes started by YOGESH in D:\sts_workSpace\InterviewProject)
2025-03-28T20:03:53.887+05:30  INFO 15792 --- [InterviewProject] [restartedMain] c.example.InterviewProjectApplication    : No active profile set, falling back to 1 default profile: "default"
2025-03-28T20:03:54.042+05:30  INFO 15792 --- [InterviewProject] [restartedMain] .e.DevToolsPropertyDefaultsPostProcessor : Devtools property defaults active! Set 'spring.devtools.add-properties' to 'false' to disable
2025-03-28T20:03:54.043+05:30  INFO 15792 --- [InterviewProject] [restartedMain] .e.DevToolsPropertyDefaultsPostProcessor : For additional web related logging consider setting the 'logging.level.web' property to 'DEBUG'
2025-03-28T20:03:55.080+05:30  INFO 15792 --- [InterviewProject] [restartedMain] .s.d.r.c.RepositoryConfigurationDelegate : Bootstrapping Spring Data JPA repositories in DEFAULT mode.
2025-03-28T20:03:55.142+05:30  INFO 15792 --- [InterviewProject] [restartedMain] .s.d.r.c.RepositoryConfigurationDelegate : Finished Spring Data repository scanning in 53 ms. Found 3 JPA repository interfaces.
2025-03-28T20:03:56.033+05:30  WARN 15792 --- [InterviewProject] [restartedMain] trationDelegate$BeanPostProcessorChecker : Bean 'org.springframework.ws.config.annotation.DelegatingWsConfiguration' of type [org.springframework.ws.config.annotation.DelegatingWsConfiguration$$SpringCGLIB$$0] is not eligible for getting processed by all BeanPostProcessors (for example: not eligible for auto-proxying). The currently created BeanPostProcessor [annotationActionEndpointMapping] is declared through a non-static factory method on that class; consider declaring it as static instead.
2025-03-28T20:03:56.122+05:30  INFO 15792 --- [InterviewProject] [restartedMain] .w.s.a.s.AnnotationActionEndpointMapping : Supporting [WS-Addressing August 2004, WS-Addressing 1.0]
2025-03-28T20:03:57.005+05:30  INFO 15792 --- [InterviewProject] [restartedMain] o.s.b.w.embedded.tomcat.TomcatWebServer  : Tomcat initialized with port 8081 (http)
2025-03-28T20:03:57.032+05:30  INFO 15792 --- [InterviewProject] [restartedMain] o.apache.catalina.core.StandardService   : Starting service [Tomcat]
2025-03-28T20:03:57.033+05:30  INFO 15792 --- [InterviewProject] [restartedMain] o.apache.catalina.core.StandardEngine    : Starting Servlet engine: [Apache Tomcat/10.1.30]
2025-03-28T20:03:57.136+05:30  INFO 15792 --- [InterviewProject] [restartedMain] o.a.c.c.C.[Tomcat].[localhost].[/]       : Initializing Spring embedded WebApplicationContext
2025-03-28T20:03:57.137+05:30  INFO 15792 --- [InterviewProject] [restartedMain] w.s.c.ServletWebServerApplicationContext : Root WebApplicationContext: initialization completed in 3091 ms
2025-03-28T20:03:57.499+05:30  INFO 15792 --- [InterviewProject] [restartedMain] o.hibernate.jpa.internal.util.LogHelper  : HHH000204: Processing PersistenceUnitInfo [name: default]
2025-03-28T20:03:57.590+05:30  INFO 15792 --- [InterviewProject] [restartedMain] org.hibernate.Version                    : HHH000412: Hibernate ORM core version 6.5.3.Final
2025-03-28T20:03:57.651+05:30  INFO 15792 --- [InterviewProject] [restartedMain] o.h.c.internal.RegionFactoryInitiator    : HHH000026: Second-level cache disabled
2025-03-28T20:03:58.127+05:30  INFO 15792 --- [InterviewProject] [restartedMain] o.s.o.j.p.SpringPersistenceUnitInfo      : No LoadTimeWeaver setup: ignoring JPA class transformer
2025-03-28T20:03:58.165+05:30  INFO 15792 --- [InterviewProject] [restartedMain] com.zaxxer.hikari.HikariDataSource       : HikariPool-1 - Starting...
2025-03-28T20:03:58.621+05:30  INFO 15792 --- [InterviewProject] [restartedMain] com.zaxxer.hikari.pool.HikariPool        : HikariPool-1 - Added connection com.mysql.cj.jdbc.ConnectionImpl@7315ef66
2025-03-28T20:03:58.624+05:30  INFO 15792 --- [InterviewProject] [restartedMain] com.zaxxer.hikari.HikariDataSource       : HikariPool-1 - Start completed.
2025-03-28T20:03:58.682+05:30  WARN 15792 --- [InterviewProject] [restartedMain] org.hibernate.orm.deprecation            : HHH90000025: MySQL8Dialect does not need to be specified explicitly using 'hibernate.dialect' (remove the property setting and it will be selected by default)
2025-03-28T20:03:58.684+05:30  WARN 15792 --- [InterviewProject] [restartedMain] org.hibernate.orm.deprecation            : HHH90000026: MySQL8Dialect has been deprecated; use org.hibernate.dialect.MySQLDialect instead
2025-03-28T20:03:59.932+05:30  INFO 15792 --- [InterviewProject] [restartedMain] o.h.e.t.j.p.i.JtaPlatformInitiator       : HHH000489: No JTA platform available (set 'hibernate.transaction.jta.platform' to enable JTA platform integration)
2025-03-28T20:04:00.006+05:30  INFO 15792 --- [InterviewProject] [restartedMain] j.LocalContainerEntityManagerFactoryBean : Initialized JPA EntityManagerFactory for persistence unit 'default'
2025-03-28T20:04:01.398+05:30  INFO 15792 --- [InterviewProject] [restartedMain] o.s.d.j.r.query.QueryEnhancerFactory     : Hibernate is in classpath; If applicable, HQL parser will be used.
2025-03-28T20:04:01.858+05:30  WARN 15792 --- [InterviewProject] [restartedMain] JpaBaseConfiguration$JpaWebConfiguration : spring.jpa.open-in-view is enabled by default. Therefore, database queries may be performed during view rendering. Explicitly configure spring.jpa.open-in-view to disable this warning
2025-03-28T20:04:03.416+05:30  INFO 15792 --- [InterviewProject] [restartedMain] o.s.b.d.a.OptionalLiveReloadServer       : LiveReload server is running on port 35729
2025-03-28T20:04:03.429+05:30  INFO 15792 --- [InterviewProject] [restartedMain] o.s.b.a.e.web.EndpointLinksResolver      : Exposing 2 endpoints beneath base path '/actuator'
2025-03-28T20:04:03.595+05:30  INFO 15792 --- [InterviewProject] [restartedMain] o.s.b.w.embedded.tomcat.TomcatWebServer  : Tomcat started on port 8081 (http) with context path '/'
2025-03-28T20:04:03.625+05:30  INFO 15792 --- [InterviewProject] [restartedMain] c.example.InterviewProjectApplication    : Started InterviewProjectApplication in 10.311 seconds (process running for 11.234)
2025-03-28T20:04:04.078+05:30  INFO 15792 --- [InterviewProject] [RMI TCP Connection(4)-127.0.0.1] o.a.c.c.C.[Tomcat].[localhost].[/]       : Initializing Spring DispatcherServlet 'dispatcherServlet'
2025-03-28T20:04:04.079+05:30  INFO 15792 --- [InterviewProject] [RMI TCP Connection(4)-127.0.0.1] o.s.web.servlet.DispatcherServlet        : Initializing Servlet 'dispatcherServlet'
2025-03-28T20:04:04.081+05:30  INFO 15792 --- [InterviewProject] [RMI TCP Connection(4)-127.0.0.1] o.s.web.servlet.DispatcherServlet        : Completed initialization in 1 ms
2025-03-28T20:04:11.142+05:30  INFO 15792 --- [InterviewProject] [http-nio-8081-exec-4] o.springdoc.api.AbstractOpenApiResource  : Init duration for springdoc-openapi is: 801 ms
2025-03-28T20:04:56.744+05:30  INFO 15792 --- [InterviewProject] [File Watcher] rtingClassPathChangeChangedEventListener : Restarting due to 1 class path change (0 additions, 0 deletions, 1 modification)
2025-03-28T20:04:56.843+05:30  INFO 15792 --- [InterviewProject] [Thread-5] j.LocalContainerEntityManagerFactoryBean : Closing JPA EntityManagerFactory for persistence unit 'default'
2025-03-28T20:04:56.845+05:30  INFO 15792 --- [InterviewProject] [Thread-5] com.zaxxer.hikari.HikariDataSource       : HikariPool-1 - Shutdown initiated...
2025-03-28T20:04:56.857+05:30  INFO 15792 --- [InterviewProject] [Thread-5] com.zaxxer.hikari.HikariDataSource       : HikariPool-1 - Shutdown completed.
2025-03-28T20:04:56.943+05:30  INFO 15792 --- [InterviewProject] [restartedMain] c.example.InterviewProjectApplication    : Starting InterviewProjectApplication using Java 17.0.12 with PID 15792 (D:\sts_workSpace\InterviewProject\target\classes started by YOGESH in D:\sts_workSpace\InterviewProject)
2025-03-28T20:04:56.944+05:30  INFO 15792 --- [InterviewProject] [restartedMain] c.example.InterviewProjectApplication    : No active profile set, falling back to 1 default profile: "default"
2025-03-28T20:04:57.134+05:30  INFO 15792 --- [InterviewProject] [restartedMain] .s.d.r.c.RepositoryConfigurationDelegate : Bootstrapping Spring Data JPA repositories in DEFAULT mode.
2025-03-28T20:04:57.143+05:30  INFO 15792 --- [InterviewProject] [restartedMain] .s.d.r.c.RepositoryConfigurationDelegate : Finished Spring Data repository scanning in 8 ms. Found 3 JPA repository interfaces.
2025-03-28T20:04:57.333+05:30  WARN 15792 --- [InterviewProject] [restartedMain] trationDelegate$BeanPostProcessorChecker : Bean 'org.springframework.ws.config.annotation.DelegatingWsConfiguration' of type [org.springframework.ws.config.annotation.DelegatingWsConfiguration$$SpringCGLIB$$0] is not eligible for getting processed by all BeanPostProcessors (for example: not eligible for auto-proxying). The currently created BeanPostProcessor [annotationActionEndpointMapping] is declared through a non-static factory method on that class; consider declaring it as static instead.
2025-03-28T20:04:57.336+05:30  INFO 15792 --- [InterviewProject] [restartedMain] .w.s.a.s.AnnotationActionEndpointMapping : Supporting [WS-Addressing August 2004, WS-Addressing 1.0]
2025-03-28T20:04:57.474+05:30  INFO 15792 --- [InterviewProject] [restartedMain] o.s.b.w.embedded.tomcat.TomcatWebServer  : Tomcat initialized with port 8081 (http)
2025-03-28T20:04:57.474+05:30  INFO 15792 --- [InterviewProject] [restartedMain] o.apache.catalina.core.StandardService   : Starting service [Tomcat]
2025-03-28T20:04:57.475+05:30  INFO 15792 --- [InterviewProject] [restartedMain] o.apache.catalina.core.StandardEngine    : Starting Servlet engine: [Apache Tomcat/10.1.30]
2025-03-28T20:04:57.530+05:30  INFO 15792 --- [InterviewProject] [restartedMain] o.a.c.c.C.[Tomcat].[localhost].[/]       : Initializing Spring embedded WebApplicationContext
2025-03-28T20:04:57.530+05:30  INFO 15792 --- [InterviewProject] [restartedMain] w.s.c.ServletWebServerApplicationContext : Root WebApplicationContext: initialization completed in 584 ms
2025-03-28T20:04:57.694+05:30  INFO 15792 --- [InterviewProject] [restartedMain] o.hibernate.jpa.internal.util.LogHelper  : HHH000204: Processing PersistenceUnitInfo [name: default]
2025-03-28T20:04:57.702+05:30  INFO 15792 --- [InterviewProject] [restartedMain] o.h.c.internal.RegionFactoryInitiator    : HHH000026: Second-level cache disabled
2025-03-28T20:04:57.736+05:30  INFO 15792 --- [InterviewProject] [restartedMain] o.s.o.j.p.SpringPersistenceUnitInfo      : No LoadTimeWeaver setup: ignoring JPA class transformer
2025-03-28T20:04:57.738+05:30  INFO 15792 --- [InterviewProject] [restartedMain] com.zaxxer.hikari.HikariDataSource       : HikariPool-2 - Starting...
2025-03-28T20:04:57.760+05:30  INFO 15792 --- [InterviewProject] [restartedMain] com.zaxxer.hikari.pool.HikariPool        : HikariPool-2 - Added connection com.mysql.cj.jdbc.ConnectionImpl@76003441
2025-03-28T20:04:57.761+05:30  INFO 15792 --- [InterviewProject] [restartedMain] com.zaxxer.hikari.HikariDataSource       : HikariPool-2 - Start completed.
2025-03-28T20:04:57.761+05:30  WARN 15792 --- [InterviewProject] [restartedMain] org.hibernate.orm.deprecation            : HHH90000025: MySQL8Dialect does not need to be specified explicitly using 'hibernate.dialect' (remove the property setting and it will be selected by default)
2025-03-28T20:04:57.761+05:30  WARN 15792 --- [InterviewProject] [restartedMain] org.hibernate.orm.deprecation            : HHH90000026: MySQL8Dialect has been deprecated; use org.hibernate.dialect.MySQLDialect instead
2025-03-28T20:04:57.883+05:30  INFO 15792 --- [InterviewProject] [restartedMain] o.h.e.t.j.p.i.JtaPlatformInitiator       : HHH000489: No JTA platform available (set 'hibernate.transaction.jta.platform' to enable JTA platform integration)
2025-03-28T20:04:57.904+05:30  INFO 15792 --- [InterviewProject] [restartedMain] j.LocalContainerEntityManagerFactoryBean : Initialized JPA EntityManagerFactory for persistence unit 'default'
2025-03-28T20:04:58.238+05:30  WARN 15792 --- [InterviewProject] [restartedMain] JpaBaseConfiguration$JpaWebConfiguration : spring.jpa.open-in-view is enabled by default. Therefore, database queries may be performed during view rendering. Explicitly configure spring.jpa.open-in-view to disable this warning
2025-03-28T20:04:58.918+05:30  INFO 15792 --- [InterviewProject] [restartedMain] o.s.b.d.a.OptionalLiveReloadServer       : LiveReload server is running on port 35729
2025-03-28T20:04:58.924+05:30  INFO 15792 --- [InterviewProject] [restartedMain] o.s.b.a.e.web.EndpointLinksResolver      : Exposing 2 endpoints beneath base path '/actuator'
2025-03-28T20:04:58.974+05:30  INFO 15792 --- [InterviewProject] [restartedMain] o.s.b.w.embedded.tomcat.TomcatWebServer  : Tomcat started on port 8081 (http) with context path '/'
2025-03-28T20:04:58.989+05:30  INFO 15792 --- [InterviewProject] [restartedMain] c.example.InterviewProjectApplication    : Started InterviewProjectApplication in 2.067 seconds (process running for 66.597)
2025-03-28T20:04:58.997+05:30  INFO 15792 --- [InterviewProject] [restartedMain] .ConditionEvaluationDeltaLoggingListener : Condition evaluation unchanged
2025-03-28T20:05:02.684+05:30  INFO 15792 --- [InterviewProject] [http-nio-8081-exec-1] o.a.c.c.C.[Tomcat].[localhost].[/]       : Initializing Spring DispatcherServlet 'dispatcherServlet'
2025-03-28T20:05:02.684+05:30  INFO 15792 --- [InterviewProject] [http-nio-8081-exec-1] o.s.web.servlet.DispatcherServlet        : Initializing Servlet 'dispatcherServlet'
2025-03-28T20:05:02.692+05:30  INFO 15792 --- [InterviewProject] [http-nio-8081-exec-1] o.s.web.servlet.DispatcherServlet        : Completed initialization in 8 ms
2025-03-28T20:05:03.439+05:30  INFO 15792 --- [InterviewProject] [http-nio-8081-exec-4] o.springdoc.api.AbstractOpenApiResource  : Init duration for springdoc-openapi is: 336 ms
2025-03-28T20:10:23.236+05:30  WARN 15792 --- [InterviewProject] [HikariPool-2 housekeeper] com.zaxxer.hikari.pool.HikariPool        : HikariPool-2 - Thread starvation or clock leap detected (housekeeper delta=2m25s135ms157µs800ns).
2025-03-28T20:40:35.615+05:30  WARN 15792 --- [InterviewProject] [HikariPool-2 housekeeper] com.zaxxer.hikari.pool.HikariPool        : HikariPool-2 - Thread starvation or clock leap detected (housekeeper delta=30m12s379ms903µs).
2025-03-28T20:48:46.879+05:30  WARN 15792 --- [InterviewProject] [HikariPool-2 housekeeper] com.zaxxer.hikari.pool.HikariPool        : HikariPool-2 - Thread starvation or clock leap detected (housekeeper delta=4m11s194ms131µs200ns).
2025-03-28T20:50:07.286+05:30  INFO 15792 --- [InterviewProject] [RMI TCP Connection(21)-127.0.0.1] inMXBeanRegistrar$SpringApplicationAdmin : Application shutdown requested.
2025-03-28T20:50:07.553+05:30  INFO 15792 --- [InterviewProject] [RMI TCP Connection(21)-127.0.0.1] j.LocalContainerEntityManagerFactoryBean : Closing JPA EntityManagerFactory for persistence unit 'default'
2025-03-28T20:50:07.564+05:30  INFO 15792 --- [InterviewProject] [RMI TCP Connection(21)-127.0.0.1] com.zaxxer.hikari.HikariDataSource       : HikariPool-2 - Shutdown initiated...
2025-03-28T20:50:07.579+05:30  INFO 15792 --- [InterviewProject] [RMI TCP Connection(21)-127.0.0.1] com.zaxxer.hikari.HikariDataSource       : HikariPool-2 - Shutdown completed.
2025-03-28T21:43:59.108+05:30  INFO 19872 --- [InterviewProject] [restartedMain] c.example.InterviewProjectApplication    : Starting InterviewProjectApplication using Java 17.0.12 with PID 19872 (D:\sts_workSpace\InterviewProject\target\classes started by YOGESH in D:\sts_workSpace\InterviewProject)
2025-03-28T21:43:59.113+05:30  INFO 19872 --- [InterviewProject] [restartedMain] c.example.InterviewProjectApplication    : No active profile set, falling back to 1 default profile: "default"
2025-03-28T21:43:59.355+05:30  INFO 19872 --- [InterviewProject] [restartedMain] .e.DevToolsPropertyDefaultsPostProcessor : Devtools property defaults active! Set 'spring.devtools.add-properties' to 'false' to disable
2025-03-28T21:43:59.360+05:30  INFO 19872 --- [InterviewProject] [restartedMain] .e.DevToolsPropertyDefaultsPostProcessor : For additional web related logging consider setting the 'logging.level.web' property to 'DEBUG'
2025-03-28T21:44:00.862+05:30  INFO 19872 --- [InterviewProject] [restartedMain] .s.d.r.c.RepositoryConfigurationDelegate : Bootstrapping Spring Data JPA repositories in DEFAULT mode.
2025-03-28T21:44:00.929+05:30  INFO 19872 --- [InterviewProject] [restartedMain] .s.d.r.c.RepositoryConfigurationDelegate : Finished Spring Data repository scanning in 54 ms. Found 3 JPA repository interfaces.
2025-03-28T21:44:02.407+05:30  WARN 19872 --- [InterviewProject] [restartedMain] trationDelegate$BeanPostProcessorChecker : Bean 'org.springframework.ws.config.annotation.DelegatingWsConfiguration' of type [org.springframework.ws.config.annotation.DelegatingWsConfiguration$$SpringCGLIB$$0] is not eligible for getting processed by all BeanPostProcessors (for example: not eligible for auto-proxying). The currently created BeanPostProcessor [annotationActionEndpointMapping] is declared through a non-static factory method on that class; consider declaring it as static instead.
2025-03-28T21:44:02.545+05:30  INFO 19872 --- [InterviewProject] [restartedMain] .w.s.a.s.AnnotationActionEndpointMapping : Supporting [WS-Addressing August 2004, WS-Addressing 1.0]
2025-03-28T21:44:03.915+05:30  INFO 19872 --- [InterviewProject] [restartedMain] o.s.b.w.embedded.tomcat.TomcatWebServer  : Tomcat initialized with port 8081 (http)
2025-03-28T21:44:03.946+05:30  INFO 19872 --- [InterviewProject] [restartedMain] o.apache.catalina.core.StandardService   : Starting service [Tomcat]
2025-03-28T21:44:03.947+05:30  INFO 19872 --- [InterviewProject] [restartedMain] o.apache.catalina.core.StandardEngine    : Starting Servlet engine: [Apache Tomcat/10.1.30]
2025-03-28T21:44:04.048+05:30  INFO 19872 --- [InterviewProject] [restartedMain] o.a.c.c.C.[Tomcat].[localhost].[/]       : Initializing Spring embedded WebApplicationContext
2025-03-28T21:44:04.049+05:30  INFO 19872 --- [InterviewProject] [restartedMain] w.s.c.ServletWebServerApplicationContext : Root WebApplicationContext: initialization completed in 4688 ms
2025-03-28T21:44:04.553+05:30  INFO 19872 --- [InterviewProject] [restartedMain] o.hibernate.jpa.internal.util.LogHelper  : HHH000204: Processing PersistenceUnitInfo [name: default]
2025-03-28T21:44:04.683+05:30  INFO 19872 --- [InterviewProject] [restartedMain] org.hibernate.Version                    : HHH000412: Hibernate ORM core version 6.5.3.Final
2025-03-28T21:44:04.744+05:30  INFO 19872 --- [InterviewProject] [restartedMain] o.h.c.internal.RegionFactoryInitiator    : HHH000026: Second-level cache disabled
2025-03-28T21:44:05.597+05:30  INFO 19872 --- [InterviewProject] [restartedMain] o.s.o.j.p.SpringPersistenceUnitInfo      : No LoadTimeWeaver setup: ignoring JPA class transformer
2025-03-28T21:44:05.672+05:30  INFO 19872 --- [InterviewProject] [restartedMain] com.zaxxer.hikari.HikariDataSource       : HikariPool-1 - Starting...
2025-03-28T21:44:06.446+05:30  INFO 19872 --- [InterviewProject] [restartedMain] com.zaxxer.hikari.pool.HikariPool        : HikariPool-1 - Added connection com.mysql.cj.jdbc.ConnectionImpl@12605cb0
2025-03-28T21:44:06.455+05:30  INFO 19872 --- [InterviewProject] [restartedMain] com.zaxxer.hikari.HikariDataSource       : HikariPool-1 - Start completed.
2025-03-28T21:44:06.555+05:30  WARN 19872 --- [InterviewProject] [restartedMain] org.hibernate.orm.deprecation            : HHH90000025: MySQL8Dialect does not need to be specified explicitly using 'hibernate.dialect' (remove the property setting and it will be selected by default)
2025-03-28T21:44:06.557+05:30  WARN 19872 --- [InterviewProject] [restartedMain] org.hibernate.orm.deprecation            : HHH90000026: MySQL8Dialect has been deprecated; use org.hibernate.dialect.MySQLDialect instead
2025-03-28T21:44:08.229+05:30  INFO 19872 --- [InterviewProject] [restartedMain] o.h.e.t.j.p.i.JtaPlatformInitiator       : HHH000489: No JTA platform available (set 'hibernate.transaction.jta.platform' to enable JTA platform integration)
2025-03-28T21:44:08.405+05:30  INFO 19872 --- [InterviewProject] [restartedMain] j.LocalContainerEntityManagerFactoryBean : Initialized JPA EntityManagerFactory for persistence unit 'default'
2025-03-28T21:44:09.063+05:30  INFO 19872 --- [InterviewProject] [restartedMain] o.s.d.j.r.query.QueryEnhancerFactory     : Hibernate is in classpath; If applicable, HQL parser will be used.
2025-03-28T21:44:09.627+05:30  WARN 19872 --- [InterviewProject] [restartedMain] JpaBaseConfiguration$JpaWebConfiguration : spring.jpa.open-in-view is enabled by default. Therefore, database queries may be performed during view rendering. Explicitly configure spring.jpa.open-in-view to disable this warning
2025-03-28T21:44:11.825+05:30  INFO 19872 --- [InterviewProject] [restartedMain] o.s.b.d.a.OptionalLiveReloadServer       : LiveReload server is running on port 35729
2025-03-28T21:44:11.840+05:30  INFO 19872 --- [InterviewProject] [restartedMain] o.s.b.a.e.web.EndpointLinksResolver      : Exposing 2 endpoints beneath base path '/actuator'
2025-03-28T21:44:11.984+05:30  INFO 19872 --- [InterviewProject] [restartedMain] o.s.b.w.embedded.tomcat.TomcatWebServer  : Tomcat started on port 8081 (http) with context path '/'
2025-03-28T21:44:12.013+05:30  INFO 19872 --- [InterviewProject] [restartedMain] c.example.InterviewProjectApplication    : Started InterviewProjectApplication in 13.531 seconds (process running for 14.456)
2025-03-28T21:44:12.680+05:30  INFO 19872 --- [InterviewProject] [RMI TCP Connection(7)-127.0.0.1] o.a.c.c.C.[Tomcat].[localhost].[/]       : Initializing Spring DispatcherServlet 'dispatcherServlet'
2025-03-28T21:44:12.680+05:30  INFO 19872 --- [InterviewProject] [RMI TCP Connection(7)-127.0.0.1] o.s.web.servlet.DispatcherServlet        : Initializing Servlet 'dispatcherServlet'
2025-03-28T21:44:12.682+05:30  INFO 19872 --- [InterviewProject] [RMI TCP Connection(7)-127.0.0.1] o.s.web.servlet.DispatcherServlet        : Completed initialization in 2 ms
2025-03-28T21:44:19.772+05:30  INFO 19872 --- [InterviewProject] [http-nio-8081-exec-3] o.springdoc.api.AbstractOpenApiResource  : Init duration for springdoc-openapi is: 358 ms
2025-03-28T21:45:58.241+05:30  INFO 19872 --- [InterviewProject] [File Watcher] rtingClassPathChangeChangedEventListener : Restarting due to 1 class path change (0 additions, 0 deletions, 1 modification)
2025-03-28T21:45:58.455+05:30  INFO 19872 --- [InterviewProject] [Thread-5] j.LocalContainerEntityManagerFactoryBean : Closing JPA EntityManagerFactory for persistence unit 'default'
2025-03-28T21:45:58.457+05:30  INFO 19872 --- [InterviewProject] [Thread-5] com.zaxxer.hikari.HikariDataSource       : HikariPool-1 - Shutdown initiated...
2025-03-28T21:45:58.475+05:30  INFO 19872 --- [InterviewProject] [Thread-5] com.zaxxer.hikari.HikariDataSource       : HikariPool-1 - Shutdown completed.
2025-03-28T21:45:58.606+05:30  INFO 19872 --- [InterviewProject] [restartedMain] c.example.InterviewProjectApplication    : Starting InterviewProjectApplication using Java 17.0.12 with PID 19872 (D:\sts_workSpace\InterviewProject\target\classes started by YOGESH in D:\sts_workSpace\InterviewProject)
2025-03-28T21:45:58.607+05:30  INFO 19872 --- [InterviewProject] [restartedMain] c.example.InterviewProjectApplication    : No active profile set, falling back to 1 default profile: "default"
2025-03-28T21:45:58.945+05:30  INFO 19872 --- [InterviewProject] [restartedMain] .s.d.r.c.RepositoryConfigurationDelegate : Bootstrapping Spring Data JPA repositories in DEFAULT mode.
2025-03-28T21:45:58.987+05:30  INFO 19872 --- [InterviewProject] [restartedMain] .s.d.r.c.RepositoryConfigurationDelegate : Finished Spring Data repository scanning in 40 ms. Found 3 JPA repository interfaces.
2025-03-28T21:45:59.173+05:30  WARN 19872 --- [InterviewProject] [restartedMain] trationDelegate$BeanPostProcessorChecker : Bean 'org.springframework.ws.config.annotation.DelegatingWsConfiguration' of type [org.springframework.ws.config.annotation.DelegatingWsConfiguration$$SpringCGLIB$$0] is not eligible for getting processed by all BeanPostProcessors (for example: not eligible for auto-proxying). The currently created BeanPostProcessor [annotationActionEndpointMapping] is declared through a non-static factory method on that class; consider declaring it as static instead.
2025-03-28T21:45:59.175+05:30  INFO 19872 --- [InterviewProject] [restartedMain] .w.s.a.s.AnnotationActionEndpointMapping : Supporting [WS-Addressing August 2004, WS-Addressing 1.0]
2025-03-28T21:45:59.292+05:30  INFO 19872 --- [InterviewProject] [restartedMain] o.s.b.w.embedded.tomcat.TomcatWebServer  : Tomcat initialized with port 8081 (http)
2025-03-28T21:45:59.293+05:30  INFO 19872 --- [InterviewProject] [restartedMain] o.apache.catalina.core.StandardService   : Starting service [Tomcat]
2025-03-28T21:45:59.294+05:30  INFO 19872 --- [InterviewProject] [restartedMain] o.apache.catalina.core.StandardEngine    : Starting Servlet engine: [Apache Tomcat/10.1.30]
2025-03-28T21:45:59.324+05:30  INFO 19872 --- [InterviewProject] [restartedMain] o.a.c.c.C.[Tomcat].[localhost].[/]       : Initializing Spring embedded WebApplicationContext
2025-03-28T21:45:59.324+05:30  INFO 19872 --- [InterviewProject] [restartedMain] w.s.c.ServletWebServerApplicationContext : Root WebApplicationContext: initialization completed in 715 ms
2025-03-28T21:45:59.467+05:30  INFO 19872 --- [InterviewProject] [restartedMain] o.hibernate.jpa.internal.util.LogHelper  : HHH000204: Processing PersistenceUnitInfo [name: default]
2025-03-28T21:45:59.472+05:30  INFO 19872 --- [InterviewProject] [restartedMain] o.h.c.internal.RegionFactoryInitiator    : HHH000026: Second-level cache disabled
2025-03-28T21:45:59.586+05:30  INFO 19872 --- [InterviewProject] [restartedMain] o.s.o.j.p.SpringPersistenceUnitInfo      : No LoadTimeWeaver setup: ignoring JPA class transformer
2025-03-28T21:45:59.587+05:30  INFO 19872 --- [InterviewProject] [restartedMain] com.zaxxer.hikari.HikariDataSource       : HikariPool-2 - Starting...
2025-03-28T21:45:59.608+05:30  INFO 19872 --- [InterviewProject] [restartedMain] com.zaxxer.hikari.pool.HikariPool        : HikariPool-2 - Added connection com.mysql.cj.jdbc.ConnectionImpl@55d341e3
2025-03-28T21:45:59.609+05:30  INFO 19872 --- [InterviewProject] [restartedMain] com.zaxxer.hikari.HikariDataSource       : HikariPool-2 - Start completed.
2025-03-28T21:45:59.609+05:30  WARN 19872 --- [InterviewProject] [restartedMain] org.hibernate.orm.deprecation            : HHH90000025: MySQL8Dialect does not need to be specified explicitly using 'hibernate.dialect' (remove the property setting and it will be selected by default)
2025-03-28T21:45:59.609+05:30  WARN 19872 --- [InterviewProject] [restartedMain] org.hibernate.orm.deprecation            : HHH90000026: MySQL8Dialect has been deprecated; use org.hibernate.dialect.MySQLDialect instead
2025-03-28T21:45:59.710+05:30  INFO 19872 --- [InterviewProject] [restartedMain] o.h.e.t.j.p.i.JtaPlatformInitiator       : HHH000489: No JTA platform available (set 'hibernate.transaction.jta.platform' to enable JTA platform integration)
2025-03-28T21:45:59.733+05:30  INFO 19872 --- [InterviewProject] [restartedMain] j.LocalContainerEntityManagerFactoryBean : Initialized JPA EntityManagerFactory for persistence unit 'default'
2025-03-28T21:46:00.037+05:30  WARN 19872 --- [InterviewProject] [restartedMain] JpaBaseConfiguration$JpaWebConfiguration : spring.jpa.open-in-view is enabled by default. Therefore, database queries may be performed during view rendering. Explicitly configure spring.jpa.open-in-view to disable this warning
2025-03-28T21:46:01.033+05:30  INFO 19872 --- [InterviewProject] [restartedMain] o.s.b.d.a.OptionalLiveReloadServer       : LiveReload server is running on port 35729
2025-03-28T21:46:01.048+05:30  INFO 19872 --- [InterviewProject] [restartedMain] o.s.b.a.e.web.EndpointLinksResolver      : Exposing 2 endpoints beneath base path '/actuator'
2025-03-28T21:46:01.139+05:30  INFO 19872 --- [InterviewProject] [restartedMain] o.s.b.w.embedded.tomcat.TomcatWebServer  : Tomcat started on port 8081 (http) with context path '/'
2025-03-28T21:46:01.162+05:30  INFO 19872 --- [InterviewProject] [restartedMain] c.example.InterviewProjectApplication    : Started InterviewProjectApplication in 2.592 seconds (process running for 123.605)
2025-03-28T21:46:01.186+05:30  INFO 19872 --- [InterviewProject] [restartedMain] .ConditionEvaluationDeltaLoggingListener : Condition evaluation unchanged
2025-03-28T21:46:23.292+05:30  INFO 19872 --- [InterviewProject] [http-nio-8081-exec-1] o.a.c.c.C.[Tomcat].[localhost].[/]       : Initializing Spring DispatcherServlet 'dispatcherServlet'
2025-03-28T21:46:23.292+05:30  INFO 19872 --- [InterviewProject] [http-nio-8081-exec-1] o.s.web.servlet.DispatcherServlet        : Initializing Servlet 'dispatcherServlet'
2025-03-28T21:46:23.333+05:30  INFO 19872 --- [InterviewProject] [http-nio-8081-exec-1] o.s.web.servlet.DispatcherServlet        : Completed initialization in 41 ms
2025-03-28T21:46:24.707+05:30  INFO 19872 --- [InterviewProject] [http-nio-8081-exec-4] o.springdoc.api.AbstractOpenApiResource  : Init duration for springdoc-openapi is: 251 ms
2025-03-28T21:46:52.820+05:30 ERROR 19872 --- [InterviewProject] [http-nio-8081-exec-1] o.a.c.c.C.[.[.[/].[dispatcherServlet]    : Servlet.service() for servlet [dispatcherServlet] in context with path [] threw exception [Request processing failed: org.springframework.web.multipart.MultipartException: Current request is not a multipart request] with root cause

org.springframework.web.multipart.MultipartException: Current request is not a multipart request
	at org.springframework.web.method.annotation.RequestParamMethodArgumentResolver.handleMissingValueInternal(RequestParamMethodArgumentResolver.java:213) ~[spring-web-6.1.13.jar:6.1.13]
	at org.springframework.web.method.annotation.RequestParamMethodArgumentResolver.handleMissingValue(RequestParamMethodArgumentResolver.java:196) ~[spring-web-6.1.13.jar:6.1.13]
	at org.springframework.web.method.annotation.AbstractNamedValueMethodArgumentResolver.resolveArgument(AbstractNamedValueMethodArgumentResolver.java:126) ~[spring-web-6.1.13.jar:6.1.13]
	at org.springframework.web.method.support.HandlerMethodArgumentResolverComposite.resolveArgument(HandlerMethodArgumentResolverComposite.java:122) ~[spring-web-6.1.13.jar:6.1.13]
	at org.springframework.web.method.support.InvocableHandlerMethod.getMethodArgumentValues(InvocableHandlerMethod.java:224) ~[spring-web-6.1.13.jar:6.1.13]
	at org.springframework.web.method.support.InvocableHandlerMethod.invokeForRequest(InvocableHandlerMethod.java:178) ~[spring-web-6.1.13.jar:6.1.13]
	at org.springframework.web.servlet.mvc.method.annotation.ServletInvocableHandlerMethod.invokeAndHandle(ServletInvocableHandlerMethod.java:118) ~[spring-webmvc-6.1.13.jar:6.1.13]
	at org.springframework.web.servlet.mvc.method.annotation.RequestMappingHandlerAdapter.invokeHandlerMethod(RequestMappingHandlerAdapter.java:926) ~[spring-webmvc-6.1.13.jar:6.1.13]
	at org.springframework.web.servlet.mvc.method.annotation.RequestMappingHandlerAdapter.handleInternal(RequestMappingHandlerAdapter.java:831) ~[spring-webmvc-6.1.13.jar:6.1.13]
	at org.springframework.web.servlet.mvc.method.AbstractHandlerMethodAdapter.handle(AbstractHandlerMethodAdapter.java:87) ~[spring-webmvc-6.1.13.jar:6.1.13]
	at org.springframework.web.servlet.DispatcherServlet.doDispatch(DispatcherServlet.java:1089) ~[spring-webmvc-6.1.13.jar:6.1.13]
	at org.springframework.web.servlet.DispatcherServlet.doService(DispatcherServlet.java:979) ~[spring-webmvc-6.1.13.jar:6.1.13]
	at org.springframework.web.servlet.FrameworkServlet.processRequest(FrameworkServlet.java:1014) ~[spring-webmvc-6.1.13.jar:6.1.13]
	at org.springframework.web.servlet.FrameworkServlet.doPost(FrameworkServlet.java:914) ~[spring-webmvc-6.1.13.jar:6.1.13]
	at jakarta.servlet.http.HttpServlet.service(HttpServlet.java:590) ~[tomcat-embed-core-10.1.30.jar:6.0]
	at org.springframework.web.servlet.FrameworkServlet.service(FrameworkServlet.java:885) ~[spring-webmvc-6.1.13.jar:6.1.13]
	at jakarta.servlet.http.HttpServlet.service(HttpServlet.java:658) ~[tomcat-embed-core-10.1.30.jar:6.0]
	at org.apache.catalina.core.ApplicationFilterChain.internalDoFilter(ApplicationFilterChain.java:195) ~[tomcat-embed-core-10.1.30.jar:10.1.30]
	at org.apache.catalina.core.ApplicationFilterChain.doFilter(ApplicationFilterChain.java:140) ~[tomcat-embed-core-10.1.30.jar:10.1.30]
	at org.apache.tomcat.websocket.server.WsFilter.doFilter(WsFilter.java:51) ~[tomcat-embed-websocket-10.1.30.jar:10.1.30]
	at org.apache.catalina.core.ApplicationFilterChain.internalDoFilter(ApplicationFilterChain.java:164) ~[tomcat-embed-core-10.1.30.jar:10.1.30]
	at org.apache.catalina.core.ApplicationFilterChain.doFilter(ApplicationFilterChain.java:140) ~[tomcat-embed-core-10.1.30.jar:10.1.30]
	at org.springframework.web.filter.RequestContextFilter.doFilterInternal(RequestContextFilter.java:100) ~[spring-web-6.1.13.jar:6.1.13]
	at org.springframework.web.filter.OncePerRequestFilter.doFilter(OncePerRequestFilter.java:116) ~[spring-web-6.1.13.jar:6.1.13]
	at org.apache.catalina.core.ApplicationFilterChain.internalDoFilter(ApplicationFilterChain.java:164) ~[tomcat-embed-core-10.1.30.jar:10.1.30]
	at org.apache.catalina.core.ApplicationFilterChain.doFilter(ApplicationFilterChain.java:140) ~[tomcat-embed-core-10.1.30.jar:10.1.30]
	at org.springframework.web.filter.FormContentFilter.doFilterInternal(FormContentFilter.java:93) ~[spring-web-6.1.13.jar:6.1.13]
	at org.springframework.web.filter.OncePerRequestFilter.doFilter(OncePerRequestFilter.java:116) ~[spring-web-6.1.13.jar:6.1.13]
	at org.apache.catalina.core.ApplicationFilterChain.internalDoFilter(ApplicationFilterChain.java:164) ~[tomcat-embed-core-10.1.30.jar:10.1.30]
	at org.apache.catalina.core.ApplicationFilterChain.doFilter(ApplicationFilterChain.java:140) ~[tomcat-embed-core-10.1.30.jar:10.1.30]
	at org.springframework.web.filter.ServerHttpObservationFilter.doFilterInternal(ServerHttpObservationFilter.java:113) ~[spring-web-6.1.13.jar:6.1.13]
	at org.springframework.web.filter.OncePerRequestFilter.doFilter(OncePerRequestFilter.java:116) ~[spring-web-6.1.13.jar:6.1.13]
	at org.apache.catalina.core.ApplicationFilterChain.internalDoFilter(ApplicationFilterChain.java:164) ~[tomcat-embed-core-10.1.30.jar:10.1.30]
	at org.apache.catalina.core.ApplicationFilterChain.doFilter(ApplicationFilterChain.java:140) ~[tomcat-embed-core-10.1.30.jar:10.1.30]
	at org.springframework.web.filter.CharacterEncodingFilter.doFilterInternal(CharacterEncodingFilter.java:201) ~[spring-web-6.1.13.jar:6.1.13]
	at org.springframework.web.filter.OncePerRequestFilter.doFilter(OncePerRequestFilter.java:116) ~[spring-web-6.1.13.jar:6.1.13]
	at org.apache.catalina.core.ApplicationFilterChain.internalDoFilter(ApplicationFilterChain.java:164) ~[tomcat-embed-core-10.1.30.jar:10.1.30]
	at org.apache.catalina.core.ApplicationFilterChain.doFilter(ApplicationFilterChain.java:140) ~[tomcat-embed-core-10.1.30.jar:10.1.30]
	at org.apache.catalina.core.StandardWrapperValve.invoke(StandardWrapperValve.java:167) ~[tomcat-embed-core-10.1.30.jar:10.1.30]
	at org.apache.catalina.core.StandardContextValve.invoke(StandardContextValve.java:90) ~[tomcat-embed-core-10.1.30.jar:10.1.30]
	at org.apache.catalina.authenticator.AuthenticatorBase.invoke(AuthenticatorBase.java:483) ~[tomcat-embed-core-10.1.30.jar:10.1.30]
	at org.apache.catalina.core.StandardHostValve.invoke(StandardHostValve.java:115) ~[tomcat-embed-core-10.1.30.jar:10.1.30]
	at org.apache.catalina.valves.ErrorReportValve.invoke(ErrorReportValve.java:93) ~[tomcat-embed-core-10.1.30.jar:10.1.30]
	at org.apache.catalina.core.StandardEngineValve.invoke(StandardEngineValve.java:74) ~[tomcat-embed-core-10.1.30.jar:10.1.30]
	at org.apache.catalina.connector.CoyoteAdapter.service(CoyoteAdapter.java:344) ~[tomcat-embed-core-10.1.30.jar:10.1.30]
	at org.apache.coyote.http11.Http11Processor.service(Http11Processor.java:384) ~[tomcat-embed-core-10.1.30.jar:10.1.30]
	at org.apache.coyote.AbstractProcessorLight.process(AbstractProcessorLight.java:63) ~[tomcat-embed-core-10.1.30.jar:10.1.30]
	at org.apache.coyote.AbstractProtocol$ConnectionHandler.process(AbstractProtocol.java:905) ~[tomcat-embed-core-10.1.30.jar:10.1.30]
	at org.apache.tomcat.util.net.NioEndpoint$SocketProcessor.doRun(NioEndpoint.java:1741) ~[tomcat-embed-core-10.1.30.jar:10.1.30]
	at org.apache.tomcat.util.net.SocketProcessorBase.run(SocketProcessorBase.java:52) ~[tomcat-embed-core-10.1.30.jar:10.1.30]
	at org.apache.tomcat.util.threads.ThreadPoolExecutor.runWorker(ThreadPoolExecutor.java:1190) ~[tomcat-embed-core-10.1.30.jar:10.1.30]
	at org.apache.tomcat.util.threads.ThreadPoolExecutor$Worker.run(ThreadPoolExecutor.java:659) ~[tomcat-embed-core-10.1.30.jar:10.1.30]
	at org.apache.tomcat.util.threads.TaskThread$WrappingRunnable.run(TaskThread.java:63) ~[tomcat-embed-core-10.1.30.jar:10.1.30]
	at java.base/java.lang.Thread.run(Thread.java:842) ~[na:na]

2025-03-28T21:48:59.532+05:30  INFO 19872 --- [InterviewProject] [RMI TCP Connection(15)-127.0.0.1] inMXBeanRegistrar$SpringApplicationAdmin : Application shutdown requested.
2025-03-28T21:48:59.746+05:30  INFO 19872 --- [InterviewProject] [RMI TCP Connection(15)-127.0.0.1] j.LocalContainerEntityManagerFactoryBean : Closing JPA EntityManagerFactory for persistence unit 'default'
2025-03-28T21:48:59.748+05:30  INFO 19872 --- [InterviewProject] [RMI TCP Connection(15)-127.0.0.1] com.zaxxer.hikari.HikariDataSource       : HikariPool-2 - Shutdown initiated...
2025-03-28T21:48:59.773+05:30  INFO 19872 --- [InterviewProject] [RMI TCP Connection(15)-127.0.0.1] com.zaxxer.hikari.HikariDataSource       : HikariPool-2 - Shutdown completed.
2025-03-28T21:49:17.976+05:30  INFO 1312 --- [InterviewProject] [restartedMain] c.example.InterviewProjectApplication    : Starting InterviewProjectApplication using Java 17.0.12 with PID 1312 (D:\sts_workSpace\InterviewProject\target\classes started by YOGESH in D:\sts_workSpace\InterviewProject)
2025-03-28T21:49:17.982+05:30  INFO 1312 --- [InterviewProject] [restartedMain] c.example.InterviewProjectApplication    : No active profile set, falling back to 1 default profile: "default"
2025-03-28T21:49:18.068+05:30  INFO 1312 --- [InterviewProject] [restartedMain] .e.DevToolsPropertyDefaultsPostProcessor : Devtools property defaults active! Set 'spring.devtools.add-properties' to 'false' to disable
2025-03-28T21:49:18.069+05:30  INFO 1312 --- [InterviewProject] [restartedMain] .e.DevToolsPropertyDefaultsPostProcessor : For additional web related logging consider setting the 'logging.level.web' property to 'DEBUG'
2025-03-28T21:49:18.951+05:30  INFO 1312 --- [InterviewProject] [restartedMain] .s.d.r.c.RepositoryConfigurationDelegate : Bootstrapping Spring Data JPA repositories in DEFAULT mode.
2025-03-28T21:49:19.003+05:30  INFO 1312 --- [InterviewProject] [restartedMain] .s.d.r.c.RepositoryConfigurationDelegate : Finished Spring Data repository scanning in 45 ms. Found 3 JPA repository interfaces.
2025-03-28T21:49:20.518+05:30  WARN 1312 --- [InterviewProject] [restartedMain] trationDelegate$BeanPostProcessorChecker : Bean 'org.springframework.ws.config.annotation.DelegatingWsConfiguration' of type [org.springframework.ws.config.annotation.DelegatingWsConfiguration$$SpringCGLIB$$0] is not eligible for getting processed by all BeanPostProcessors (for example: not eligible for auto-proxying). The currently created BeanPostProcessor [annotationActionEndpointMapping] is declared through a non-static factory method on that class; consider declaring it as static instead.
2025-03-28T21:49:20.689+05:30  INFO 1312 --- [InterviewProject] [restartedMain] .w.s.a.s.AnnotationActionEndpointMapping : Supporting [WS-Addressing August 2004, WS-Addressing 1.0]
2025-03-28T21:49:22.125+05:30  INFO 1312 --- [InterviewProject] [restartedMain] o.s.b.w.embedded.tomcat.TomcatWebServer  : Tomcat initialized with port 8081 (http)
2025-03-28T21:49:22.165+05:30  INFO 1312 --- [InterviewProject] [restartedMain] o.apache.catalina.core.StandardService   : Starting service [Tomcat]
2025-03-28T21:49:22.166+05:30  INFO 1312 --- [InterviewProject] [restartedMain] o.apache.catalina.core.StandardEngine    : Starting Servlet engine: [Apache Tomcat/10.1.30]
2025-03-28T21:49:22.291+05:30  INFO 1312 --- [InterviewProject] [restartedMain] o.a.c.c.C.[Tomcat].[localhost].[/]       : Initializing Spring embedded WebApplicationContext
2025-03-28T21:49:22.292+05:30  INFO 1312 --- [InterviewProject] [restartedMain] w.s.c.ServletWebServerApplicationContext : Root WebApplicationContext: initialization completed in 4223 ms
2025-03-28T21:49:22.761+05:30  INFO 1312 --- [InterviewProject] [restartedMain] o.hibernate.jpa.internal.util.LogHelper  : HHH000204: Processing PersistenceUnitInfo [name: default]
2025-03-28T21:49:22.938+05:30  INFO 1312 --- [InterviewProject] [restartedMain] org.hibernate.Version                    : HHH000412: Hibernate ORM core version 6.5.3.Final
2025-03-28T21:49:23.038+05:30  INFO 1312 --- [InterviewProject] [restartedMain] o.h.c.internal.RegionFactoryInitiator    : HHH000026: Second-level cache disabled
2025-03-28T21:49:23.862+05:30  INFO 1312 --- [InterviewProject] [restartedMain] o.s.o.j.p.SpringPersistenceUnitInfo      : No LoadTimeWeaver setup: ignoring JPA class transformer
2025-03-28T21:49:23.942+05:30  INFO 1312 --- [InterviewProject] [restartedMain] com.zaxxer.hikari.HikariDataSource       : HikariPool-1 - Starting...
2025-03-28T21:49:24.593+05:30  INFO 1312 --- [InterviewProject] [restartedMain] com.zaxxer.hikari.pool.HikariPool        : HikariPool-1 - Added connection com.mysql.cj.jdbc.ConnectionImpl@17902ccf
2025-03-28T21:49:24.599+05:30  INFO 1312 --- [InterviewProject] [restartedMain] com.zaxxer.hikari.HikariDataSource       : HikariPool-1 - Start completed.
2025-03-28T21:49:24.698+05:30  WARN 1312 --- [InterviewProject] [restartedMain] org.hibernate.orm.deprecation            : HHH90000025: MySQL8Dialect does not need to be specified explicitly using 'hibernate.dialect' (remove the property setting and it will be selected by default)
2025-03-28T21:49:24.700+05:30  WARN 1312 --- [InterviewProject] [restartedMain] org.hibernate.orm.deprecation            : HHH90000026: MySQL8Dialect has been deprecated; use org.hibernate.dialect.MySQLDialect instead
2025-03-28T21:49:26.735+05:30  INFO 1312 --- [InterviewProject] [restartedMain] o.h.e.t.j.p.i.JtaPlatformInitiator       : HHH000489: No JTA platform available (set 'hibernate.transaction.jta.platform' to enable JTA platform integration)
2025-03-28T21:49:26.812+05:30  INFO 1312 --- [InterviewProject] [restartedMain] j.LocalContainerEntityManagerFactoryBean : Initialized JPA EntityManagerFactory for persistence unit 'default'
2025-03-28T21:49:27.278+05:30  INFO 1312 --- [InterviewProject] [restartedMain] o.s.d.j.r.query.QueryEnhancerFactory     : Hibernate is in classpath; If applicable, HQL parser will be used.
2025-03-28T21:49:27.711+05:30  WARN 1312 --- [InterviewProject] [restartedMain] JpaBaseConfiguration$JpaWebConfiguration : spring.jpa.open-in-view is enabled by default. Therefore, database queries may be performed during view rendering. Explicitly configure spring.jpa.open-in-view to disable this warning
2025-03-28T21:49:29.546+05:30  INFO 1312 --- [InterviewProject] [restartedMain] o.s.b.d.a.OptionalLiveReloadServer       : LiveReload server is running on port 35729
2025-03-28T21:49:29.570+05:30  INFO 1312 --- [InterviewProject] [restartedMain] o.s.b.a.e.web.EndpointLinksResolver      : Exposing 2 endpoints beneath base path '/actuator'
2025-03-28T21:49:29.783+05:30  INFO 1312 --- [InterviewProject] [restartedMain] o.s.b.w.embedded.tomcat.TomcatWebServer  : Tomcat started on port 8081 (http) with context path '/'
2025-03-28T21:49:29.809+05:30  INFO 1312 --- [InterviewProject] [restartedMain] c.example.InterviewProjectApplication    : Started InterviewProjectApplication in 12.606 seconds (process running for 13.976)
2025-03-28T21:49:30.527+05:30  INFO 1312 --- [InterviewProject] [RMI TCP Connection(7)-127.0.0.1] o.a.c.c.C.[Tomcat].[localhost].[/]       : Initializing Spring DispatcherServlet 'dispatcherServlet'
2025-03-28T21:49:30.527+05:30  INFO 1312 --- [InterviewProject] [RMI TCP Connection(7)-127.0.0.1] o.s.web.servlet.DispatcherServlet        : Initializing Servlet 'dispatcherServlet'
2025-03-28T21:49:30.530+05:30  INFO 1312 --- [InterviewProject] [RMI TCP Connection(7)-127.0.0.1] o.s.web.servlet.DispatcherServlet        : Completed initialization in 3 ms
2025-03-28T21:49:37.783+05:30  INFO 1312 --- [InterviewProject] [http-nio-8081-exec-4] o.springdoc.api.AbstractOpenApiResource  : Init duration for springdoc-openapi is: 411 ms
2025-03-28T21:51:48.926+05:30  INFO 1312 --- [InterviewProject] [File Watcher] rtingClassPathChangeChangedEventListener : Restarting due to 1 class path change (0 additions, 0 deletions, 1 modification)
2025-03-28T21:51:49.215+05:30  INFO 1312 --- [InterviewProject] [Thread-5] j.LocalContainerEntityManagerFactoryBean : Closing JPA EntityManagerFactory for persistence unit 'default'
2025-03-28T21:51:49.219+05:30  INFO 1312 --- [InterviewProject] [Thread-5] com.zaxxer.hikari.HikariDataSource       : HikariPool-1 - Shutdown initiated...
2025-03-28T21:51:49.237+05:30  INFO 1312 --- [InterviewProject] [Thread-5] com.zaxxer.hikari.HikariDataSource       : HikariPool-1 - Shutdown completed.
2025-03-28T21:51:49.333+05:30  INFO 1312 --- [InterviewProject] [restartedMain] c.example.InterviewProjectApplication    : Starting InterviewProjectApplication using Java 17.0.12 with PID 1312 (D:\sts_workSpace\InterviewProject\target\classes started by YOGESH in D:\sts_workSpace\InterviewProject)
2025-03-28T21:51:49.333+05:30  INFO 1312 --- [InterviewProject] [restartedMain] c.example.InterviewProjectApplication    : No active profile set, falling back to 1 default profile: "default"
2025-03-28T21:51:49.601+05:30  INFO 1312 --- [InterviewProject] [restartedMain] .s.d.r.c.RepositoryConfigurationDelegate : Bootstrapping Spring Data JPA repositories in DEFAULT mode.
2025-03-28T21:51:49.625+05:30  INFO 1312 --- [InterviewProject] [restartedMain] .s.d.r.c.RepositoryConfigurationDelegate : Finished Spring Data repository scanning in 23 ms. Found 3 JPA repository interfaces.
2025-03-28T21:51:49.993+05:30  WARN 1312 --- [InterviewProject] [restartedMain] trationDelegate$BeanPostProcessorChecker : Bean 'org.springframework.ws.config.annotation.DelegatingWsConfiguration' of type [org.springframework.ws.config.annotation.DelegatingWsConfiguration$$SpringCGLIB$$0] is not eligible for getting processed by all BeanPostProcessors (for example: not eligible for auto-proxying). The currently created BeanPostProcessor [annotationActionEndpointMapping] is declared through a non-static factory method on that class; consider declaring it as static instead.
2025-03-28T21:51:49.997+05:30  INFO 1312 --- [InterviewProject] [restartedMain] .w.s.a.s.AnnotationActionEndpointMapping : Supporting [WS-Addressing August 2004, WS-Addressing 1.0]
2025-03-28T21:51:50.240+05:30  INFO 1312 --- [InterviewProject] [restartedMain] o.s.b.w.embedded.tomcat.TomcatWebServer  : Tomcat initialized with port 8081 (http)
2025-03-28T21:51:50.241+05:30  INFO 1312 --- [InterviewProject] [restartedMain] o.apache.catalina.core.StandardService   : Starting service [Tomcat]
2025-03-28T21:51:50.242+05:30  INFO 1312 --- [InterviewProject] [restartedMain] o.apache.catalina.core.StandardEngine    : Starting Servlet engine: [Apache Tomcat/10.1.30]
2025-03-28T21:51:50.288+05:30  INFO 1312 --- [InterviewProject] [restartedMain] o.a.c.c.C.[Tomcat].[localhost].[/]       : Initializing Spring embedded WebApplicationContext
2025-03-28T21:51:50.289+05:30  INFO 1312 --- [InterviewProject] [restartedMain] w.s.c.ServletWebServerApplicationContext : Root WebApplicationContext: initialization completed in 953 ms
2025-03-28T21:51:50.421+05:30  INFO 1312 --- [InterviewProject] [restartedMain] o.hibernate.jpa.internal.util.LogHelper  : HHH000204: Processing PersistenceUnitInfo [name: default]
2025-03-28T21:51:50.426+05:30  INFO 1312 --- [InterviewProject] [restartedMain] o.h.c.internal.RegionFactoryInitiator    : HHH000026: Second-level cache disabled
2025-03-28T21:51:50.462+05:30  INFO 1312 --- [InterviewProject] [restartedMain] o.s.o.j.p.SpringPersistenceUnitInfo      : No LoadTimeWeaver setup: ignoring JPA class transformer
2025-03-28T21:51:50.465+05:30  INFO 1312 --- [InterviewProject] [restartedMain] com.zaxxer.hikari.HikariDataSource       : HikariPool-2 - Starting...
2025-03-28T21:51:50.486+05:30  INFO 1312 --- [InterviewProject] [restartedMain] com.zaxxer.hikari.pool.HikariPool        : HikariPool-2 - Added connection com.mysql.cj.jdbc.ConnectionImpl@5f2c69bd
2025-03-28T21:51:50.486+05:30  INFO 1312 --- [InterviewProject] [restartedMain] com.zaxxer.hikari.HikariDataSource       : HikariPool-2 - Start completed.
2025-03-28T21:51:50.486+05:30  WARN 1312 --- [InterviewProject] [restartedMain] org.hibernate.orm.deprecation            : HHH90000025: MySQL8Dialect does not need to be specified explicitly using 'hibernate.dialect' (remove the property setting and it will be selected by default)
2025-03-28T21:51:50.487+05:30  WARN 1312 --- [InterviewProject] [restartedMain] org.hibernate.orm.deprecation            : HHH90000026: MySQL8Dialect has been deprecated; use org.hibernate.dialect.MySQLDialect instead
2025-03-28T21:51:50.581+05:30  INFO 1312 --- [InterviewProject] [restartedMain] o.h.e.t.j.p.i.JtaPlatformInitiator       : HHH000489: No JTA platform available (set 'hibernate.transaction.jta.platform' to enable JTA platform integration)
2025-03-28T21:51:50.604+05:30  INFO 1312 --- [InterviewProject] [restartedMain] j.LocalContainerEntityManagerFactoryBean : Initialized JPA EntityManagerFactory for persistence unit 'default'
2025-03-28T21:51:50.887+05:30  WARN 1312 --- [InterviewProject] [restartedMain] JpaBaseConfiguration$JpaWebConfiguration : spring.jpa.open-in-view is enabled by default. Therefore, database queries may be performed during view rendering. Explicitly configure spring.jpa.open-in-view to disable this warning
2025-03-28T21:51:51.842+05:30  INFO 1312 --- [InterviewProject] [restartedMain] o.s.b.d.a.OptionalLiveReloadServer       : LiveReload server is running on port 35729
2025-03-28T21:51:51.855+05:30  INFO 1312 --- [InterviewProject] [restartedMain] o.s.b.a.e.web.EndpointLinksResolver      : Exposing 2 endpoints beneath base path '/actuator'
2025-03-28T21:51:51.936+05:30  INFO 1312 --- [InterviewProject] [restartedMain] o.s.b.w.embedded.tomcat.TomcatWebServer  : Tomcat started on port 8081 (http) with context path '/'
2025-03-28T21:51:51.955+05:30  INFO 1312 --- [InterviewProject] [restartedMain] c.example.InterviewProjectApplication    : Started InterviewProjectApplication in 2.65 seconds (process running for 156.122)
2025-03-28T21:51:51.966+05:30  INFO 1312 --- [InterviewProject] [restartedMain] .ConditionEvaluationDeltaLoggingListener : Condition evaluation unchanged
2025-03-28T21:51:56.820+05:30  INFO 1312 --- [InterviewProject] [http-nio-8081-exec-1] o.a.c.c.C.[Tomcat].[localhost].[/]       : Initializing Spring DispatcherServlet 'dispatcherServlet'
2025-03-28T21:51:56.823+05:30  INFO 1312 --- [InterviewProject] [http-nio-8081-exec-1] o.s.web.servlet.DispatcherServlet        : Initializing Servlet 'dispatcherServlet'
2025-03-28T21:51:56.826+05:30  INFO 1312 --- [InterviewProject] [http-nio-8081-exec-1] o.s.web.servlet.DispatcherServlet        : Completed initialization in 3 ms
2025-03-28T21:51:57.436+05:30  INFO 1312 --- [InterviewProject] [http-nio-8081-exec-4] o.springdoc.api.AbstractOpenApiResource  : Init duration for springdoc-openapi is: 287 ms
2025-03-28T21:52:13.251+05:30  WARN 1312 --- [InterviewProject] [http-nio-8081-exec-7] o.h.engine.jdbc.spi.SqlExceptionHelper   : SQL Error: 1406, SQLState: 22001
2025-03-28T21:52:13.253+05:30 ERROR 1312 --- [InterviewProject] [http-nio-8081-exec-7] o.h.engine.jdbc.spi.SqlExceptionHelper   : Data truncation: Data too long for column 'data' at row 1
2025-03-28T21:54:30.040+05:30  INFO 1312 --- [InterviewProject] [File Watcher] rtingClassPathChangeChangedEventListener : Restarting due to 1 class path change (0 additions, 0 deletions, 1 modification)
2025-03-28T21:54:30.282+05:30  INFO 1312 --- [InterviewProject] [Thread-7] j.LocalContainerEntityManagerFactoryBean : Closing JPA EntityManagerFactory for persistence unit 'default'
2025-03-28T21:54:30.285+05:30  INFO 1312 --- [InterviewProject] [Thread-7] com.zaxxer.hikari.HikariDataSource       : HikariPool-2 - Shutdown initiated...
2025-03-28T21:54:30.311+05:30  INFO 1312 --- [InterviewProject] [Thread-7] com.zaxxer.hikari.HikariDataSource       : HikariPool-2 - Shutdown completed.
2025-03-28T21:54:30.475+05:30  INFO 1312 --- [InterviewProject] [restartedMain] c.example.InterviewProjectApplication    : Starting InterviewProjectApplication using Java 17.0.12 with PID 1312 (D:\sts_workSpace\InterviewProject\target\classes started by YOGESH in D:\sts_workSpace\InterviewProject)
2025-03-28T21:54:30.475+05:30  INFO 1312 --- [InterviewProject] [restartedMain] c.example.InterviewProjectApplication    : No active profile set, falling back to 1 default profile: "default"
2025-03-28T21:54:30.747+05:30  INFO 1312 --- [InterviewProject] [restartedMain] .s.d.r.c.RepositoryConfigurationDelegate : Bootstrapping Spring Data JPA repositories in DEFAULT mode.
2025-03-28T21:54:30.772+05:30  INFO 1312 --- [InterviewProject] [restartedMain] .s.d.r.c.RepositoryConfigurationDelegate : Finished Spring Data repository scanning in 23 ms. Found 3 JPA repository interfaces.
2025-03-28T21:54:31.066+05:30  WARN 1312 --- [InterviewProject] [restartedMain] trationDelegate$BeanPostProcessorChecker : Bean 'org.springframework.ws.config.annotation.DelegatingWsConfiguration' of type [org.springframework.ws.config.annotation.DelegatingWsConfiguration$$SpringCGLIB$$0] is not eligible for getting processed by all BeanPostProcessors (for example: not eligible for auto-proxying). The currently created BeanPostProcessor [annotationActionEndpointMapping] is declared through a non-static factory method on that class; consider declaring it as static instead.
2025-03-28T21:54:31.070+05:30  INFO 1312 --- [InterviewProject] [restartedMain] .w.s.a.s.AnnotationActionEndpointMapping : Supporting [WS-Addressing August 2004, WS-Addressing 1.0]
2025-03-28T21:54:31.276+05:30  INFO 1312 --- [InterviewProject] [restartedMain] o.s.b.w.embedded.tomcat.TomcatWebServer  : Tomcat initialized with port 8081 (http)
2025-03-28T21:54:31.277+05:30  INFO 1312 --- [InterviewProject] [restartedMain] o.apache.catalina.core.StandardService   : Starting service [Tomcat]
2025-03-28T21:54:31.277+05:30  INFO 1312 --- [InterviewProject] [restartedMain] o.apache.catalina.core.StandardEngine    : Starting Servlet engine: [Apache Tomcat/10.1.30]
2025-03-28T21:54:31.301+05:30  INFO 1312 --- [InterviewProject] [restartedMain] o.a.c.c.C.[Tomcat].[localhost].[/]       : Initializing Spring embedded WebApplicationContext
2025-03-28T21:54:31.301+05:30  INFO 1312 --- [InterviewProject] [restartedMain] w.s.c.ServletWebServerApplicationContext : Root WebApplicationContext: initialization completed in 823 ms
2025-03-28T21:54:31.401+05:30  INFO 1312 --- [InterviewProject] [restartedMain] o.hibernate.jpa.internal.util.LogHelper  : HHH000204: Processing PersistenceUnitInfo [name: default]
2025-03-28T21:54:31.406+05:30  INFO 1312 --- [InterviewProject] [restartedMain] o.h.c.internal.RegionFactoryInitiator    : HHH000026: Second-level cache disabled
2025-03-28T21:54:31.430+05:30  INFO 1312 --- [InterviewProject] [restartedMain] o.s.o.j.p.SpringPersistenceUnitInfo      : No LoadTimeWeaver setup: ignoring JPA class transformer
2025-03-28T21:54:31.430+05:30  INFO 1312 --- [InterviewProject] [restartedMain] com.zaxxer.hikari.HikariDataSource       : HikariPool-3 - Starting...
2025-03-28T21:54:31.453+05:30  INFO 1312 --- [InterviewProject] [restartedMain] com.zaxxer.hikari.pool.HikariPool        : HikariPool-3 - Added connection com.mysql.cj.jdbc.ConnectionImpl@b18adc
2025-03-28T21:54:31.453+05:30  INFO 1312 --- [InterviewProject] [restartedMain] com.zaxxer.hikari.HikariDataSource       : HikariPool-3 - Start completed.
2025-03-28T21:54:31.454+05:30  WARN 1312 --- [InterviewProject] [restartedMain] org.hibernate.orm.deprecation            : HHH90000025: MySQL8Dialect does not need to be specified explicitly using 'hibernate.dialect' (remove the property setting and it will be selected by default)
2025-03-28T21:54:31.454+05:30  WARN 1312 --- [InterviewProject] [restartedMain] org.hibernate.orm.deprecation            : HHH90000026: MySQL8Dialect has been deprecated; use org.hibernate.dialect.MySQLDialect instead
2025-03-28T21:54:31.525+05:30  INFO 1312 --- [InterviewProject] [restartedMain] o.h.e.t.j.p.i.JtaPlatformInitiator       : HHH000489: No JTA platform available (set 'hibernate.transaction.jta.platform' to enable JTA platform integration)
2025-03-28T21:54:31.773+05:30  INFO 1312 --- [InterviewProject] [restartedMain] j.LocalContainerEntityManagerFactoryBean : Initialized JPA EntityManagerFactory for persistence unit 'default'
2025-03-28T21:54:32.134+05:30  WARN 1312 --- [InterviewProject] [restartedMain] JpaBaseConfiguration$JpaWebConfiguration : spring.jpa.open-in-view is enabled by default. Therefore, database queries may be performed during view rendering. Explicitly configure spring.jpa.open-in-view to disable this warning
2025-03-28T21:54:33.133+05:30  INFO 1312 --- [InterviewProject] [restartedMain] o.s.b.d.a.OptionalLiveReloadServer       : LiveReload server is running on port 35729
2025-03-28T21:54:33.146+05:30  INFO 1312 --- [InterviewProject] [restartedMain] o.s.b.a.e.web.EndpointLinksResolver      : Exposing 2 endpoints beneath base path '/actuator'
2025-03-28T21:54:33.225+05:30  INFO 1312 --- [InterviewProject] [restartedMain] o.s.b.w.embedded.tomcat.TomcatWebServer  : Tomcat started on port 8081 (http) with context path '/'
2025-03-28T21:54:33.255+05:30  INFO 1312 --- [InterviewProject] [restartedMain] c.example.InterviewProjectApplication    : Started InterviewProjectApplication in 2.813 seconds (process running for 317.423)
2025-03-28T21:54:33.265+05:30  INFO 1312 --- [InterviewProject] [restartedMain] .ConditionEvaluationDeltaLoggingListener : Condition evaluation unchanged
2025-03-28T21:57:28.071+05:30  INFO 1312 --- [InterviewProject] [http-nio-8081-exec-1] o.a.c.c.C.[Tomcat].[localhost].[/]       : Initializing Spring DispatcherServlet 'dispatcherServlet'
2025-03-28T21:57:28.072+05:30  INFO 1312 --- [InterviewProject] [http-nio-8081-exec-1] o.s.web.servlet.DispatcherServlet        : Initializing Servlet 'dispatcherServlet'
2025-03-28T21:57:28.077+05:30  INFO 1312 --- [InterviewProject] [http-nio-8081-exec-1] o.s.web.servlet.DispatcherServlet        : Completed initialization in 5 ms
2025-03-28T22:02:46.579+05:30  INFO 1312 --- [InterviewProject] [File Watcher] rtingClassPathChangeChangedEventListener : Restarting due to 1 class path change (0 additions, 0 deletions, 1 modification)
2025-03-28T22:02:47.265+05:30  INFO 1312 --- [InterviewProject] [Thread-11] j.LocalContainerEntityManagerFactoryBean : Closing JPA EntityManagerFactory for persistence unit 'default'
2025-03-28T22:02:47.266+05:30  INFO 1312 --- [InterviewProject] [Thread-11] com.zaxxer.hikari.HikariDataSource       : HikariPool-3 - Shutdown initiated...
2025-03-28T22:02:47.293+05:30  INFO 1312 --- [InterviewProject] [Thread-11] com.zaxxer.hikari.HikariDataSource       : HikariPool-3 - Shutdown completed.
2025-03-28T22:02:47.467+05:30  INFO 1312 --- [InterviewProject] [restartedMain] c.example.InterviewProjectApplication    : Starting InterviewProjectApplication using Java 17.0.12 with PID 1312 (D:\sts_workSpace\InterviewProject\target\classes started by YOGESH in D:\sts_workSpace\InterviewProject)
2025-03-28T22:02:47.467+05:30  INFO 1312 --- [InterviewProject] [restartedMain] c.example.InterviewProjectApplication    : No active profile set, falling back to 1 default profile: "default"
2025-03-28T22:02:47.712+05:30  INFO 1312 --- [InterviewProject] [restartedMain] .s.d.r.c.RepositoryConfigurationDelegate : Bootstrapping Spring Data JPA repositories in DEFAULT mode.
2025-03-28T22:02:47.720+05:30  INFO 1312 --- [InterviewProject] [restartedMain] .s.d.r.c.RepositoryConfigurationDelegate : Finished Spring Data repository scanning in 8 ms. Found 3 JPA repository interfaces.
2025-03-28T22:02:47.923+05:30  WARN 1312 --- [InterviewProject] [restartedMain] trationDelegate$BeanPostProcessorChecker : Bean 'org.springframework.ws.config.annotation.DelegatingWsConfiguration' of type [org.springframework.ws.config.annotation.DelegatingWsConfiguration$$SpringCGLIB$$0] is not eligible for getting processed by all BeanPostProcessors (for example: not eligible for auto-proxying). The currently created BeanPostProcessor [annotationActionEndpointMapping] is declared through a non-static factory method on that class; consider declaring it as static instead.
2025-03-28T22:02:47.926+05:30  INFO 1312 --- [InterviewProject] [restartedMain] .w.s.a.s.AnnotationActionEndpointMapping : Supporting [WS-Addressing August 2004, WS-Addressing 1.0]
2025-03-28T22:02:48.072+05:30  INFO 1312 --- [InterviewProject] [restartedMain] o.s.b.w.embedded.tomcat.TomcatWebServer  : Tomcat initialized with port 8081 (http)
2025-03-28T22:02:48.072+05:30  INFO 1312 --- [InterviewProject] [restartedMain] o.apache.catalina.core.StandardService   : Starting service [Tomcat]
2025-03-28T22:02:48.073+05:30  INFO 1312 --- [InterviewProject] [restartedMain] o.apache.catalina.core.StandardEngine    : Starting Servlet engine: [Apache Tomcat/10.1.30]
2025-03-28T22:02:48.104+05:30  INFO 1312 --- [InterviewProject] [restartedMain] o.a.c.c.C.[Tomcat].[localhost].[/]       : Initializing Spring embedded WebApplicationContext
2025-03-28T22:02:48.104+05:30  INFO 1312 --- [InterviewProject] [restartedMain] w.s.c.ServletWebServerApplicationContext : Root WebApplicationContext: initialization completed in 634 ms
2025-03-28T22:02:48.209+05:30  INFO 1312 --- [InterviewProject] [restartedMain] o.hibernate.jpa.internal.util.LogHelper  : HHH000204: Processing PersistenceUnitInfo [name: default]
2025-03-28T22:02:48.211+05:30  INFO 1312 --- [InterviewProject] [restartedMain] o.h.c.internal.RegionFactoryInitiator    : HHH000026: Second-level cache disabled
2025-03-28T22:02:48.237+05:30  INFO 1312 --- [InterviewProject] [restartedMain] o.s.o.j.p.SpringPersistenceUnitInfo      : No LoadTimeWeaver setup: ignoring JPA class transformer
2025-03-28T22:02:48.237+05:30  INFO 1312 --- [InterviewProject] [restartedMain] com.zaxxer.hikari.HikariDataSource       : HikariPool-4 - Starting...
2025-03-28T22:02:48.258+05:30  INFO 1312 --- [InterviewProject] [restartedMain] com.zaxxer.hikari.pool.HikariPool        : HikariPool-4 - Added connection com.mysql.cj.jdbc.ConnectionImpl@358b8b6a
2025-03-28T22:02:48.259+05:30  INFO 1312 --- [InterviewProject] [restartedMain] com.zaxxer.hikari.HikariDataSource       : HikariPool-4 - Start completed.
2025-03-28T22:02:48.259+05:30  WARN 1312 --- [InterviewProject] [restartedMain] org.hibernate.orm.deprecation            : HHH90000025: MySQL8Dialect does not need to be specified explicitly using 'hibernate.dialect' (remove the property setting and it will be selected by default)
2025-03-28T22:02:48.259+05:30  WARN 1312 --- [InterviewProject] [restartedMain] org.hibernate.orm.deprecation            : HHH90000026: MySQL8Dialect has been deprecated; use org.hibernate.dialect.MySQLDialect instead
2025-03-28T22:02:48.372+05:30  INFO 1312 --- [InterviewProject] [restartedMain] o.h.e.t.j.p.i.JtaPlatformInitiator       : HHH000489: No JTA platform available (set 'hibernate.transaction.jta.platform' to enable JTA platform integration)
2025-03-28T22:02:48.401+05:30  INFO 1312 --- [InterviewProject] [restartedMain] j.LocalContainerEntityManagerFactoryBean : Initialized JPA EntityManagerFactory for persistence unit 'default'
2025-03-28T22:02:48.639+05:30  WARN 1312 --- [InterviewProject] [restartedMain] JpaBaseConfiguration$JpaWebConfiguration : spring.jpa.open-in-view is enabled by default. Therefore, database queries may be performed during view rendering. Explicitly configure spring.jpa.open-in-view to disable this warning
2025-03-28T22:02:49.182+05:30  INFO 1312 --- [InterviewProject] [restartedMain] o.s.b.d.a.OptionalLiveReloadServer       : LiveReload server is running on port 35729
2025-03-28T22:02:49.189+05:30  INFO 1312 --- [InterviewProject] [restartedMain] o.s.b.a.e.web.EndpointLinksResolver      : Exposing 2 endpoints beneath base path '/actuator'
2025-03-28T22:02:49.222+05:30  INFO 1312 --- [InterviewProject] [restartedMain] o.s.b.w.embedded.tomcat.TomcatWebServer  : Tomcat started on port 8081 (http) with context path '/'
2025-03-28T22:02:49.240+05:30  INFO 1312 --- [InterviewProject] [restartedMain] c.example.InterviewProjectApplication    : Started InterviewProjectApplication in 1.824 seconds (process running for 813.407)
2025-03-28T22:02:49.244+05:30  INFO 1312 --- [InterviewProject] [restartedMain] .ConditionEvaluationDeltaLoggingListener : Condition evaluation unchanged
2025-03-28T22:03:21.497+05:30  INFO 1312 --- [InterviewProject] [RMI TCP Connection(29)-127.0.0.1] inMXBeanRegistrar$SpringApplicationAdmin : Application shutdown requested.
2025-03-28T22:03:21.525+05:30  INFO 1312 --- [InterviewProject] [RMI TCP Connection(32)-127.0.0.1] inMXBeanRegistrar$SpringApplicationAdmin : Application shutdown requested.
2025-03-28T22:03:21.531+05:30  INFO 1312 --- [InterviewProject] [RMI TCP Connection(33)-127.0.0.1] inMXBeanRegistrar$SpringApplicationAdmin : Application shutdown requested.
2025-03-28T22:03:21.541+05:30  INFO 1312 --- [InterviewProject] [RMI TCP Connection(34)-127.0.0.1] inMXBeanRegistrar$SpringApplicationAdmin : Application shutdown requested.
2025-03-28T22:03:21.678+05:30  INFO 1312 --- [InterviewProject] [RMI TCP Connection(29)-127.0.0.1] j.LocalContainerEntityManagerFactoryBean : Closing JPA EntityManagerFactory for persistence unit 'default'
2025-03-28T22:03:21.679+05:30  INFO 1312 --- [InterviewProject] [RMI TCP Connection(29)-127.0.0.1] com.zaxxer.hikari.HikariDataSource       : HikariPool-4 - Shutdown initiated...
2025-03-28T22:03:21.687+05:30  INFO 1312 --- [InterviewProject] [RMI TCP Connection(29)-127.0.0.1] com.zaxxer.hikari.HikariDataSource       : HikariPool-4 - Shutdown completed.
2025-03-28T22:07:20.832+05:30  INFO 13152 --- [InterviewProject] [restartedMain] c.example.InterviewProjectApplication    : Starting InterviewProjectApplication using Java 17.0.12 with PID 13152 (D:\sts_workSpace\InterviewProject\target\classes started by YOGESH in D:\sts_workSpace\InterviewProject)
2025-03-28T22:07:20.837+05:30  INFO 13152 --- [InterviewProject] [restartedMain] c.example.InterviewProjectApplication    : No active profile set, falling back to 1 default profile: "default"
2025-03-28T22:07:20.961+05:30  INFO 13152 --- [InterviewProject] [restartedMain] .e.DevToolsPropertyDefaultsPostProcessor : Devtools property defaults active! Set 'spring.devtools.add-properties' to 'false' to disable
2025-03-28T22:07:20.961+05:30  INFO 13152 --- [InterviewProject] [restartedMain] .e.DevToolsPropertyDefaultsPostProcessor : For additional web related logging consider setting the 'logging.level.web' property to 'DEBUG'
2025-03-28T22:07:22.011+05:30  INFO 13152 --- [InterviewProject] [restartedMain] .s.d.r.c.RepositoryConfigurationDelegate : Bootstrapping Spring Data JPA repositories in DEFAULT mode.
2025-03-28T22:07:22.079+05:30  INFO 13152 --- [InterviewProject] [restartedMain] .s.d.r.c.RepositoryConfigurationDelegate : Finished Spring Data repository scanning in 54 ms. Found 3 JPA repository interfaces.
2025-03-28T22:07:23.749+05:30  WARN 13152 --- [InterviewProject] [restartedMain] trationDelegate$BeanPostProcessorChecker : Bean 'org.springframework.ws.config.annotation.DelegatingWsConfiguration' of type [org.springframework.ws.config.annotation.DelegatingWsConfiguration$$SpringCGLIB$$0] is not eligible for getting processed by all BeanPostProcessors (for example: not eligible for auto-proxying). The currently created BeanPostProcessor [annotationActionEndpointMapping] is declared through a non-static factory method on that class; consider declaring it as static instead.
2025-03-28T22:07:23.817+05:30  INFO 13152 --- [InterviewProject] [restartedMain] .w.s.a.s.AnnotationActionEndpointMapping : Supporting [WS-Addressing August 2004, WS-Addressing 1.0]
2025-03-28T22:07:24.792+05:30  INFO 13152 --- [InterviewProject] [restartedMain] o.s.b.w.embedded.tomcat.TomcatWebServer  : Tomcat initialized with port 8081 (http)
2025-03-28T22:07:24.819+05:30  INFO 13152 --- [InterviewProject] [restartedMain] o.apache.catalina.core.StandardService   : Starting service [Tomcat]
2025-03-28T22:07:24.819+05:30  INFO 13152 --- [InterviewProject] [restartedMain] o.apache.catalina.core.StandardEngine    : Starting Servlet engine: [Apache Tomcat/10.1.30]
2025-03-28T22:07:24.931+05:30  INFO 13152 --- [InterviewProject] [restartedMain] o.a.c.c.C.[Tomcat].[localhost].[/]       : Initializing Spring embedded WebApplicationContext
2025-03-28T22:07:24.931+05:30  INFO 13152 --- [InterviewProject] [restartedMain] w.s.c.ServletWebServerApplicationContext : Root WebApplicationContext: initialization completed in 3969 ms
2025-03-28T22:07:25.244+05:30  INFO 13152 --- [InterviewProject] [restartedMain] o.hibernate.jpa.internal.util.LogHelper  : HHH000204: Processing PersistenceUnitInfo [name: default]
2025-03-28T22:07:25.335+05:30  INFO 13152 --- [InterviewProject] [restartedMain] org.hibernate.Version                    : HHH000412: Hibernate ORM core version 6.5.3.Final
2025-03-28T22:07:25.396+05:30  INFO 13152 --- [InterviewProject] [restartedMain] o.h.c.internal.RegionFactoryInitiator    : HHH000026: Second-level cache disabled
2025-03-28T22:07:25.847+05:30  INFO 13152 --- [InterviewProject] [restartedMain] o.s.o.j.p.SpringPersistenceUnitInfo      : No LoadTimeWeaver setup: ignoring JPA class transformer
2025-03-28T22:07:25.921+05:30  INFO 13152 --- [InterviewProject] [restartedMain] com.zaxxer.hikari.HikariDataSource       : HikariPool-1 - Starting...
2025-03-28T22:07:26.594+05:30  INFO 13152 --- [InterviewProject] [restartedMain] com.zaxxer.hikari.pool.HikariPool        : HikariPool-1 - Added connection com.mysql.cj.jdbc.ConnectionImpl@7f292dfb
2025-03-28T22:07:26.600+05:30  INFO 13152 --- [InterviewProject] [restartedMain] com.zaxxer.hikari.HikariDataSource       : HikariPool-1 - Start completed.
2025-03-28T22:07:26.702+05:30  WARN 13152 --- [InterviewProject] [restartedMain] org.hibernate.orm.deprecation            : HHH90000025: MySQL8Dialect does not need to be specified explicitly using 'hibernate.dialect' (remove the property setting and it will be selected by default)
2025-03-28T22:07:26.704+05:30  WARN 13152 --- [InterviewProject] [restartedMain] org.hibernate.orm.deprecation            : HHH90000026: MySQL8Dialect has been deprecated; use org.hibernate.dialect.MySQLDialect instead
2025-03-28T22:07:28.800+05:30  INFO 13152 --- [InterviewProject] [restartedMain] o.h.e.t.j.p.i.JtaPlatformInitiator       : HHH000489: No JTA platform available (set 'hibernate.transaction.jta.platform' to enable JTA platform integration)
2025-03-28T22:07:28.927+05:30  INFO 13152 --- [InterviewProject] [restartedMain] j.LocalContainerEntityManagerFactoryBean : Initialized JPA EntityManagerFactory for persistence unit 'default'
2025-03-28T22:07:29.359+05:30  INFO 13152 --- [InterviewProject] [restartedMain] o.s.d.j.r.query.QueryEnhancerFactory     : Hibernate is in classpath; If applicable, HQL parser will be used.
2025-03-28T22:07:29.623+05:30  WARN 13152 --- [InterviewProject] [restartedMain] JpaBaseConfiguration$JpaWebConfiguration : spring.jpa.open-in-view is enabled by default. Therefore, database queries may be performed during view rendering. Explicitly configure spring.jpa.open-in-view to disable this warning
2025-03-28T22:07:31.314+05:30  INFO 13152 --- [InterviewProject] [restartedMain] o.s.b.d.a.OptionalLiveReloadServer       : LiveReload server is running on port 35729
2025-03-28T22:07:31.344+05:30  INFO 13152 --- [InterviewProject] [restartedMain] o.s.b.a.e.web.EndpointLinksResolver      : Exposing 2 endpoints beneath base path '/actuator'
2025-03-28T22:07:31.560+05:30  INFO 13152 --- [InterviewProject] [restartedMain] o.s.b.w.embedded.tomcat.TomcatWebServer  : Tomcat started on port 8081 (http) with context path '/'
2025-03-28T22:07:31.582+05:30  INFO 13152 --- [InterviewProject] [restartedMain] c.example.InterviewProjectApplication    : Started InterviewProjectApplication in 11.655 seconds (process running for 13.021)
2025-03-28T22:07:32.102+05:30  INFO 13152 --- [InterviewProject] [RMI TCP Connection(8)-127.0.0.1] o.a.c.c.C.[Tomcat].[localhost].[/]       : Initializing Spring DispatcherServlet 'dispatcherServlet'
2025-03-28T22:07:32.103+05:30  INFO 13152 --- [InterviewProject] [RMI TCP Connection(8)-127.0.0.1] o.s.web.servlet.DispatcherServlet        : Initializing Servlet 'dispatcherServlet'
2025-03-28T22:07:32.107+05:30  INFO 13152 --- [InterviewProject] [RMI TCP Connection(8)-127.0.0.1] o.s.web.servlet.DispatcherServlet        : Completed initialization in 1 ms
2025-03-28T22:07:38.243+05:30 ERROR 13152 --- [InterviewProject] [http-nio-8081-exec-1] o.a.c.c.C.[.[.[/].[dispatcherServlet]    : Servlet.service() for servlet [dispatcherServlet] in context with path [] threw exception [Request processing failed: org.springframework.http.InvalidMediaTypeException: Invalid mime type "35ae291c68e7fe9395a6f7c145bc5206.jpg": does not contain '/'] with root cause

org.springframework.util.InvalidMimeTypeException: Invalid mime type "35ae291c68e7fe9395a6f7c145bc5206.jpg": does not contain '/'
	at org.springframework.util.MimeTypeUtils.parseMimeTypeInternal(MimeTypeUtils.java:229) ~[spring-core-6.1.13.jar:6.1.13]
	at org.springframework.util.ConcurrentLruCache.get(ConcurrentLruCache.java:103) ~[spring-core-6.1.13.jar:6.1.13]
	at org.springframework.util.MimeTypeUtils.parseMimeType(MimeTypeUtils.java:213) ~[spring-core-6.1.13.jar:6.1.13]
	at org.springframework.http.MediaType.parseMediaType(MediaType.java:739) ~[spring-web-6.1.13.jar:6.1.13]
	at org.springframework.http.HttpHeaders.getContentType(HttpHeaders.java:996) ~[spring-web-6.1.13.jar:6.1.13]
	at org.springframework.web.servlet.mvc.method.annotation.AbstractMessageConverterMethodProcessor.writeWithMessageConverters(AbstractMessageConverterMethodProcessor.java:212) ~[spring-webmvc-6.1.13.jar:6.1.13]
	at org.springframework.web.servlet.mvc.method.annotation.HttpEntityMethodProcessor.handleReturnValue(HttpEntityMethodProcessor.java:245) ~[spring-webmvc-6.1.13.jar:6.1.13]
	at org.springframework.web.method.support.HandlerMethodReturnValueHandlerComposite.handleReturnValue(HandlerMethodReturnValueHandlerComposite.java:78) ~[spring-web-6.1.13.jar:6.1.13]
	at org.springframework.web.servlet.mvc.method.annotation.ServletInvocableHandlerMethod.invokeAndHandle(ServletInvocableHandlerMethod.java:136) ~[spring-webmvc-6.1.13.jar:6.1.13]
	at org.springframework.web.servlet.mvc.method.annotation.RequestMappingHandlerAdapter.invokeHandlerMethod(RequestMappingHandlerAdapter.java:926) ~[spring-webmvc-6.1.13.jar:6.1.13]
	at org.springframework.web.servlet.mvc.method.annotation.RequestMappingHandlerAdapter.handleInternal(RequestMappingHandlerAdapter.java:831) ~[spring-webmvc-6.1.13.jar:6.1.13]
	at org.springframework.web.servlet.mvc.method.AbstractHandlerMethodAdapter.handle(AbstractHandlerMethodAdapter.java:87) ~[spring-webmvc-6.1.13.jar:6.1.13]
	at org.springframework.web.servlet.DispatcherServlet.doDispatch(DispatcherServlet.java:1089) ~[spring-webmvc-6.1.13.jar:6.1.13]
	at org.springframework.web.servlet.DispatcherServlet.doService(DispatcherServlet.java:979) ~[spring-webmvc-6.1.13.jar:6.1.13]
	at org.springframework.web.servlet.FrameworkServlet.processRequest(FrameworkServlet.java:1014) ~[spring-webmvc-6.1.13.jar:6.1.13]
	at org.springframework.web.servlet.FrameworkServlet.doGet(FrameworkServlet.java:903) ~[spring-webmvc-6.1.13.jar:6.1.13]
	at jakarta.servlet.http.HttpServlet.service(HttpServlet.java:564) ~[tomcat-embed-core-10.1.30.jar:6.0]
	at org.springframework.web.servlet.FrameworkServlet.service(FrameworkServlet.java:885) ~[spring-webmvc-6.1.13.jar:6.1.13]
	at jakarta.servlet.http.HttpServlet.service(HttpServlet.java:658) ~[tomcat-embed-core-10.1.30.jar:6.0]
	at org.apache.catalina.core.ApplicationFilterChain.internalDoFilter(ApplicationFilterChain.java:195) ~[tomcat-embed-core-10.1.30.jar:10.1.30]
	at org.apache.catalina.core.ApplicationFilterChain.doFilter(ApplicationFilterChain.java:140) ~[tomcat-embed-core-10.1.30.jar:10.1.30]
	at org.apache.tomcat.websocket.server.WsFilter.doFilter(WsFilter.java:51) ~[tomcat-embed-websocket-10.1.30.jar:10.1.30]
	at org.apache.catalina.core.ApplicationFilterChain.internalDoFilter(ApplicationFilterChain.java:164) ~[tomcat-embed-core-10.1.30.jar:10.1.30]
	at org.apache.catalina.core.ApplicationFilterChain.doFilter(ApplicationFilterChain.java:140) ~[tomcat-embed-core-10.1.30.jar:10.1.30]
	at org.springframework.web.filter.RequestContextFilter.doFilterInternal(RequestContextFilter.java:100) ~[spring-web-6.1.13.jar:6.1.13]
	at org.springframework.web.filter.OncePerRequestFilter.doFilter(OncePerRequestFilter.java:116) ~[spring-web-6.1.13.jar:6.1.13]
	at org.apache.catalina.core.ApplicationFilterChain.internalDoFilter(ApplicationFilterChain.java:164) ~[tomcat-embed-core-10.1.30.jar:10.1.30]
	at org.apache.catalina.core.ApplicationFilterChain.doFilter(ApplicationFilterChain.java:140) ~[tomcat-embed-core-10.1.30.jar:10.1.30]
	at org.springframework.web.filter.FormContentFilter.doFilterInternal(FormContentFilter.java:93) ~[spring-web-6.1.13.jar:6.1.13]
	at org.springframework.web.filter.OncePerRequestFilter.doFilter(OncePerRequestFilter.java:116) ~[spring-web-6.1.13.jar:6.1.13]
	at org.apache.catalina.core.ApplicationFilterChain.internalDoFilter(ApplicationFilterChain.java:164) ~[tomcat-embed-core-10.1.30.jar:10.1.30]
	at org.apache.catalina.core.ApplicationFilterChain.doFilter(ApplicationFilterChain.java:140) ~[tomcat-embed-core-10.1.30.jar:10.1.30]
	at org.springframework.web.filter.ServerHttpObservationFilter.doFilterInternal(ServerHttpObservationFilter.java:113) ~[spring-web-6.1.13.jar:6.1.13]
	at org.springframework.web.filter.OncePerRequestFilter.doFilter(OncePerRequestFilter.java:116) ~[spring-web-6.1.13.jar:6.1.13]
	at org.apache.catalina.core.ApplicationFilterChain.internalDoFilter(ApplicationFilterChain.java:164) ~[tomcat-embed-core-10.1.30.jar:10.1.30]
	at org.apache.catalina.core.ApplicationFilterChain.doFilter(ApplicationFilterChain.java:140) ~[tomcat-embed-core-10.1.30.jar:10.1.30]
	at org.springframework.web.filter.CharacterEncodingFilter.doFilterInternal(CharacterEncodingFilter.java:201) ~[spring-web-6.1.13.jar:6.1.13]
	at org.springframework.web.filter.OncePerRequestFilter.doFilter(OncePerRequestFilter.java:116) ~[spring-web-6.1.13.jar:6.1.13]
	at org.apache.catalina.core.ApplicationFilterChain.internalDoFilter(ApplicationFilterChain.java:164) ~[tomcat-embed-core-10.1.30.jar:10.1.30]
	at org.apache.catalina.core.ApplicationFilterChain.doFilter(ApplicationFilterChain.java:140) ~[tomcat-embed-core-10.1.30.jar:10.1.30]
	at org.apache.catalina.core.StandardWrapperValve.invoke(StandardWrapperValve.java:167) ~[tomcat-embed-core-10.1.30.jar:10.1.30]
	at org.apache.catalina.core.StandardContextValve.invoke(StandardContextValve.java:90) ~[tomcat-embed-core-10.1.30.jar:10.1.30]
	at org.apache.catalina.authenticator.AuthenticatorBase.invoke(AuthenticatorBase.java:483) ~[tomcat-embed-core-10.1.30.jar:10.1.30]
	at org.apache.catalina.core.StandardHostValve.invoke(StandardHostValve.java:115) ~[tomcat-embed-core-10.1.30.jar:10.1.30]
	at org.apache.catalina.valves.ErrorReportValve.invoke(ErrorReportValve.java:93) ~[tomcat-embed-core-10.1.30.jar:10.1.30]
	at org.apache.catalina.core.StandardEngineValve.invoke(StandardEngineValve.java:74) ~[tomcat-embed-core-10.1.30.jar:10.1.30]
	at org.apache.catalina.connector.CoyoteAdapter.service(CoyoteAdapter.java:344) ~[tomcat-embed-core-10.1.30.jar:10.1.30]
	at org.apache.coyote.http11.Http11Processor.service(Http11Processor.java:384) ~[tomcat-embed-core-10.1.30.jar:10.1.30]
	at org.apache.coyote.AbstractProcessorLight.process(AbstractProcessorLight.java:63) ~[tomcat-embed-core-10.1.30.jar:10.1.30]
	at org.apache.coyote.AbstractProtocol$ConnectionHandler.process(AbstractProtocol.java:905) ~[tomcat-embed-core-10.1.30.jar:10.1.30]
	at org.apache.tomcat.util.net.NioEndpoint$SocketProcessor.doRun(NioEndpoint.java:1741) ~[tomcat-embed-core-10.1.30.jar:10.1.30]
	at org.apache.tomcat.util.net.SocketProcessorBase.run(SocketProcessorBase.java:52) ~[tomcat-embed-core-10.1.30.jar:10.1.30]
	at org.apache.tomcat.util.threads.ThreadPoolExecutor.runWorker(ThreadPoolExecutor.java:1190) ~[tomcat-embed-core-10.1.30.jar:10.1.30]
	at org.apache.tomcat.util.threads.ThreadPoolExecutor$Worker.run(ThreadPoolExecutor.java:659) ~[tomcat-embed-core-10.1.30.jar:10.1.30]
	at org.apache.tomcat.util.threads.TaskThread$WrappingRunnable.run(TaskThread.java:63) ~[tomcat-embed-core-10.1.30.jar:10.1.30]
	at java.base/java.lang.Thread.run(Thread.java:842) ~[na:na]

2025-03-28T22:08:37.980+05:30  INFO 13152 --- [InterviewProject] [File Watcher] rtingClassPathChangeChangedEventListener : Restarting due to 1 class path change (0 additions, 0 deletions, 1 modification)
2025-03-28T22:08:38.217+05:30  INFO 13152 --- [InterviewProject] [Thread-5] j.LocalContainerEntityManagerFactoryBean : Closing JPA EntityManagerFactory for persistence unit 'default'
2025-03-28T22:08:38.224+05:30  INFO 13152 --- [InterviewProject] [Thread-5] com.zaxxer.hikari.HikariDataSource       : HikariPool-1 - Shutdown initiated...
2025-03-28T22:08:38.247+05:30  INFO 13152 --- [InterviewProject] [Thread-5] com.zaxxer.hikari.HikariDataSource       : HikariPool-1 - Shutdown completed.
2025-03-28T22:08:38.414+05:30  INFO 13152 --- [InterviewProject] [restartedMain] c.example.InterviewProjectApplication    : Starting InterviewProjectApplication using Java 17.0.12 with PID 13152 (D:\sts_workSpace\InterviewProject\target\classes started by YOGESH in D:\sts_workSpace\InterviewProject)
2025-03-28T22:08:38.414+05:30  INFO 13152 --- [InterviewProject] [restartedMain] c.example.InterviewProjectApplication    : No active profile set, falling back to 1 default profile: "default"
2025-03-28T22:08:38.713+05:30  INFO 13152 --- [InterviewProject] [restartedMain] .s.d.r.c.RepositoryConfigurationDelegate : Bootstrapping Spring Data JPA repositories in DEFAULT mode.
2025-03-28T22:08:38.732+05:30  INFO 13152 --- [InterviewProject] [restartedMain] .s.d.r.c.RepositoryConfigurationDelegate : Finished Spring Data repository scanning in 19 ms. Found 3 JPA repository interfaces.
2025-03-28T22:08:39.111+05:30  WARN 13152 --- [InterviewProject] [restartedMain] trationDelegate$BeanPostProcessorChecker : Bean 'org.springframework.ws.config.annotation.DelegatingWsConfiguration' of type [org.springframework.ws.config.annotation.DelegatingWsConfiguration$$SpringCGLIB$$0] is not eligible for getting processed by all BeanPostProcessors (for example: not eligible for auto-proxying). The currently created BeanPostProcessor [annotationActionEndpointMapping] is declared through a non-static factory method on that class; consider declaring it as static instead.
2025-03-28T22:08:39.112+05:30  INFO 13152 --- [InterviewProject] [restartedMain] .w.s.a.s.AnnotationActionEndpointMapping : Supporting [WS-Addressing August 2004, WS-Addressing 1.0]
2025-03-28T22:08:39.248+05:30  INFO 13152 --- [InterviewProject] [restartedMain] o.s.b.w.embedded.tomcat.TomcatWebServer  : Tomcat initialized with port 8081 (http)
2025-03-28T22:08:39.250+05:30  INFO 13152 --- [InterviewProject] [restartedMain] o.apache.catalina.core.StandardService   : Starting service [Tomcat]
2025-03-28T22:08:39.251+05:30  INFO 13152 --- [InterviewProject] [restartedMain] o.apache.catalina.core.StandardEngine    : Starting Servlet engine: [Apache Tomcat/10.1.30]
2025-03-28T22:08:39.282+05:30  INFO 13152 --- [InterviewProject] [restartedMain] o.a.c.c.C.[Tomcat].[localhost].[/]       : Initializing Spring embedded WebApplicationContext
2025-03-28T22:08:39.282+05:30  INFO 13152 --- [InterviewProject] [restartedMain] w.s.c.ServletWebServerApplicationContext : Root WebApplicationContext: initialization completed in 858 ms
2025-03-28T22:08:39.386+05:30  INFO 13152 --- [InterviewProject] [restartedMain] o.hibernate.jpa.internal.util.LogHelper  : HHH000204: Processing PersistenceUnitInfo [name: default]
2025-03-28T22:08:39.391+05:30  INFO 13152 --- [InterviewProject] [restartedMain] o.h.c.internal.RegionFactoryInitiator    : HHH000026: Second-level cache disabled
2025-03-28T22:08:39.430+05:30  INFO 13152 --- [InterviewProject] [restartedMain] o.s.o.j.p.SpringPersistenceUnitInfo      : No LoadTimeWeaver setup: ignoring JPA class transformer
2025-03-28T22:08:39.431+05:30  INFO 13152 --- [InterviewProject] [restartedMain] com.zaxxer.hikari.HikariDataSource       : HikariPool-2 - Starting...
2025-03-28T22:08:39.452+05:30  INFO 13152 --- [InterviewProject] [restartedMain] com.zaxxer.hikari.pool.HikariPool        : HikariPool-2 - Added connection com.mysql.cj.jdbc.ConnectionImpl@3a202dbe
2025-03-28T22:08:39.452+05:30  INFO 13152 --- [InterviewProject] [restartedMain] com.zaxxer.hikari.HikariDataSource       : HikariPool-2 - Start completed.
2025-03-28T22:08:39.452+05:30  WARN 13152 --- [InterviewProject] [restartedMain] org.hibernate.orm.deprecation            : HHH90000025: MySQL8Dialect does not need to be specified explicitly using 'hibernate.dialect' (remove the property setting and it will be selected by default)
2025-03-28T22:08:39.453+05:30  WARN 13152 --- [InterviewProject] [restartedMain] org.hibernate.orm.deprecation            : HHH90000026: MySQL8Dialect has been deprecated; use org.hibernate.dialect.MySQLDialect instead
2025-03-28T22:08:39.535+05:30  INFO 13152 --- [InterviewProject] [restartedMain] o.h.e.t.j.p.i.JtaPlatformInitiator       : HHH000489: No JTA platform available (set 'hibernate.transaction.jta.platform' to enable JTA platform integration)
2025-03-28T22:08:39.557+05:30  INFO 13152 --- [InterviewProject] [restartedMain] j.LocalContainerEntityManagerFactoryBean : Initialized JPA EntityManagerFactory for persistence unit 'default'
2025-03-28T22:08:39.885+05:30  WARN 13152 --- [InterviewProject] [restartedMain] JpaBaseConfiguration$JpaWebConfiguration : spring.jpa.open-in-view is enabled by default. Therefore, database queries may be performed during view rendering. Explicitly configure spring.jpa.open-in-view to disable this warning
2025-03-28T22:08:40.944+05:30  INFO 13152 --- [InterviewProject] [restartedMain] o.s.b.d.a.OptionalLiveReloadServer       : LiveReload server is running on port 35729
2025-03-28T22:08:40.963+05:30  INFO 13152 --- [InterviewProject] [restartedMain] o.s.b.a.e.web.EndpointLinksResolver      : Exposing 2 endpoints beneath base path '/actuator'
2025-03-28T22:08:41.022+05:30  INFO 13152 --- [InterviewProject] [restartedMain] o.s.b.w.embedded.tomcat.TomcatWebServer  : Tomcat started on port 8081 (http) with context path '/'
2025-03-28T22:08:41.054+05:30  INFO 13152 --- [InterviewProject] [restartedMain] c.example.InterviewProjectApplication    : Started InterviewProjectApplication in 2.689 seconds (process running for 82.493)
2025-03-28T22:08:41.059+05:30  INFO 13152 --- [InterviewProject] [restartedMain] .ConditionEvaluationDeltaLoggingListener : Condition evaluation unchanged
2025-03-28T22:08:46.484+05:30  INFO 13152 --- [InterviewProject] [http-nio-8081-exec-1] o.a.c.c.C.[Tomcat].[localhost].[/]       : Initializing Spring DispatcherServlet 'dispatcherServlet'
2025-03-28T22:08:46.484+05:30  INFO 13152 --- [InterviewProject] [http-nio-8081-exec-1] o.s.web.servlet.DispatcherServlet        : Initializing Servlet 'dispatcherServlet'
2025-03-28T22:08:46.488+05:30  INFO 13152 --- [InterviewProject] [http-nio-8081-exec-1] o.s.web.servlet.DispatcherServlet        : Completed initialization in 4 ms
2025-03-28T22:08:46.538+05:30 ERROR 13152 --- [InterviewProject] [http-nio-8081-exec-1] o.a.c.c.C.[.[.[/].[dispatcherServlet]    : Servlet.service() for servlet [dispatcherServlet] in context with path [] threw exception [Request processing failed: org.springframework.http.InvalidMediaTypeException: Invalid mime type "35ae291c68e7fe9395a6f7c145bc5206.jpg": does not contain '/'] with root cause

org.springframework.util.InvalidMimeTypeException: Invalid mime type "35ae291c68e7fe9395a6f7c145bc5206.jpg": does not contain '/'
	at org.springframework.util.MimeTypeUtils.parseMimeTypeInternal(MimeTypeUtils.java:229) ~[spring-core-6.1.13.jar:6.1.13]
	at org.springframework.util.ConcurrentLruCache.get(ConcurrentLruCache.java:103) ~[spring-core-6.1.13.jar:6.1.13]
	at org.springframework.util.MimeTypeUtils.parseMimeType(MimeTypeUtils.java:213) ~[spring-core-6.1.13.jar:6.1.13]
	at org.springframework.http.MediaType.parseMediaType(MediaType.java:739) ~[spring-web-6.1.13.jar:6.1.13]
	at org.springframework.http.HttpHeaders.getContentType(HttpHeaders.java:996) ~[spring-web-6.1.13.jar:6.1.13]
	at org.springframework.web.servlet.mvc.method.annotation.AbstractMessageConverterMethodProcessor.writeWithMessageConverters(AbstractMessageConverterMethodProcessor.java:212) ~[spring-webmvc-6.1.13.jar:6.1.13]
	at org.springframework.web.servlet.mvc.method.annotation.HttpEntityMethodProcessor.handleReturnValue(HttpEntityMethodProcessor.java:245) ~[spring-webmvc-6.1.13.jar:6.1.13]
	at org.springframework.web.method.support.HandlerMethodReturnValueHandlerComposite.handleReturnValue(HandlerMethodReturnValueHandlerComposite.java:78) ~[spring-web-6.1.13.jar:6.1.13]
	at org.springframework.web.servlet.mvc.method.annotation.ServletInvocableHandlerMethod.invokeAndHandle(ServletInvocableHandlerMethod.java:136) ~[spring-webmvc-6.1.13.jar:6.1.13]
	at org.springframework.web.servlet.mvc.method.annotation.RequestMappingHandlerAdapter.invokeHandlerMethod(RequestMappingHandlerAdapter.java:926) ~[spring-webmvc-6.1.13.jar:6.1.13]
	at org.springframework.web.servlet.mvc.method.annotation.RequestMappingHandlerAdapter.handleInternal(RequestMappingHandlerAdapter.java:831) ~[spring-webmvc-6.1.13.jar:6.1.13]
	at org.springframework.web.servlet.mvc.method.AbstractHandlerMethodAdapter.handle(AbstractHandlerMethodAdapter.java:87) ~[spring-webmvc-6.1.13.jar:6.1.13]
	at org.springframework.web.servlet.DispatcherServlet.doDispatch(DispatcherServlet.java:1089) ~[spring-webmvc-6.1.13.jar:6.1.13]
	at org.springframework.web.servlet.DispatcherServlet.doService(DispatcherServlet.java:979) ~[spring-webmvc-6.1.13.jar:6.1.13]
	at org.springframework.web.servlet.FrameworkServlet.processRequest(FrameworkServlet.java:1014) ~[spring-webmvc-6.1.13.jar:6.1.13]
	at org.springframework.web.servlet.FrameworkServlet.doGet(FrameworkServlet.java:903) ~[spring-webmvc-6.1.13.jar:6.1.13]
	at jakarta.servlet.http.HttpServlet.service(HttpServlet.java:564) ~[tomcat-embed-core-10.1.30.jar:6.0]
	at org.springframework.web.servlet.FrameworkServlet.service(FrameworkServlet.java:885) ~[spring-webmvc-6.1.13.jar:6.1.13]
	at jakarta.servlet.http.HttpServlet.service(HttpServlet.java:658) ~[tomcat-embed-core-10.1.30.jar:6.0]
	at org.apache.catalina.core.ApplicationFilterChain.internalDoFilter(ApplicationFilterChain.java:195) ~[tomcat-embed-core-10.1.30.jar:10.1.30]
	at org.apache.catalina.core.ApplicationFilterChain.doFilter(ApplicationFilterChain.java:140) ~[tomcat-embed-core-10.1.30.jar:10.1.30]
	at org.apache.tomcat.websocket.server.WsFilter.doFilter(WsFilter.java:51) ~[tomcat-embed-websocket-10.1.30.jar:10.1.30]
	at org.apache.catalina.core.ApplicationFilterChain.internalDoFilter(ApplicationFilterChain.java:164) ~[tomcat-embed-core-10.1.30.jar:10.1.30]
	at org.apache.catalina.core.ApplicationFilterChain.doFilter(ApplicationFilterChain.java:140) ~[tomcat-embed-core-10.1.30.jar:10.1.30]
	at org.springframework.web.filter.RequestContextFilter.doFilterInternal(RequestContextFilter.java:100) ~[spring-web-6.1.13.jar:6.1.13]
	at org.springframework.web.filter.OncePerRequestFilter.doFilter(OncePerRequestFilter.java:116) ~[spring-web-6.1.13.jar:6.1.13]
	at org.apache.catalina.core.ApplicationFilterChain.internalDoFilter(ApplicationFilterChain.java:164) ~[tomcat-embed-core-10.1.30.jar:10.1.30]
	at org.apache.catalina.core.ApplicationFilterChain.doFilter(ApplicationFilterChain.java:140) ~[tomcat-embed-core-10.1.30.jar:10.1.30]
	at org.springframework.web.filter.FormContentFilter.doFilterInternal(FormContentFilter.java:93) ~[spring-web-6.1.13.jar:6.1.13]
	at org.springframework.web.filter.OncePerRequestFilter.doFilter(OncePerRequestFilter.java:116) ~[spring-web-6.1.13.jar:6.1.13]
	at org.apache.catalina.core.ApplicationFilterChain.internalDoFilter(ApplicationFilterChain.java:164) ~[tomcat-embed-core-10.1.30.jar:10.1.30]
	at org.apache.catalina.core.ApplicationFilterChain.doFilter(ApplicationFilterChain.java:140) ~[tomcat-embed-core-10.1.30.jar:10.1.30]
	at org.springframework.web.filter.ServerHttpObservationFilter.doFilterInternal(ServerHttpObservationFilter.java:113) ~[spring-web-6.1.13.jar:6.1.13]
	at org.springframework.web.filter.OncePerRequestFilter.doFilter(OncePerRequestFilter.java:116) ~[spring-web-6.1.13.jar:6.1.13]
	at org.apache.catalina.core.ApplicationFilterChain.internalDoFilter(ApplicationFilterChain.java:164) ~[tomcat-embed-core-10.1.30.jar:10.1.30]
	at org.apache.catalina.core.ApplicationFilterChain.doFilter(ApplicationFilterChain.java:140) ~[tomcat-embed-core-10.1.30.jar:10.1.30]
	at org.springframework.web.filter.CharacterEncodingFilter.doFilterInternal(CharacterEncodingFilter.java:201) ~[spring-web-6.1.13.jar:6.1.13]
	at org.springframework.web.filter.OncePerRequestFilter.doFilter(OncePerRequestFilter.java:116) ~[spring-web-6.1.13.jar:6.1.13]
	at org.apache.catalina.core.ApplicationFilterChain.internalDoFilter(ApplicationFilterChain.java:164) ~[tomcat-embed-core-10.1.30.jar:10.1.30]
	at org.apache.catalina.core.ApplicationFilterChain.doFilter(ApplicationFilterChain.java:140) ~[tomcat-embed-core-10.1.30.jar:10.1.30]
	at org.apache.catalina.core.StandardWrapperValve.invoke(StandardWrapperValve.java:167) ~[tomcat-embed-core-10.1.30.jar:10.1.30]
	at org.apache.catalina.core.StandardContextValve.invoke(StandardContextValve.java:90) ~[tomcat-embed-core-10.1.30.jar:10.1.30]
	at org.apache.catalina.authenticator.AuthenticatorBase.invoke(AuthenticatorBase.java:483) ~[tomcat-embed-core-10.1.30.jar:10.1.30]
	at org.apache.catalina.core.StandardHostValve.invoke(StandardHostValve.java:115) ~[tomcat-embed-core-10.1.30.jar:10.1.30]
	at org.apache.catalina.valves.ErrorReportValve.invoke(ErrorReportValve.java:93) ~[tomcat-embed-core-10.1.30.jar:10.1.30]
	at org.apache.catalina.core.StandardEngineValve.invoke(StandardEngineValve.java:74) ~[tomcat-embed-core-10.1.30.jar:10.1.30]
	at org.apache.catalina.connector.CoyoteAdapter.service(CoyoteAdapter.java:344) ~[tomcat-embed-core-10.1.30.jar:10.1.30]
	at org.apache.coyote.http11.Http11Processor.service(Http11Processor.java:384) ~[tomcat-embed-core-10.1.30.jar:10.1.30]
	at org.apache.coyote.AbstractProcessorLight.process(AbstractProcessorLight.java:63) ~[tomcat-embed-core-10.1.30.jar:10.1.30]
	at org.apache.coyote.AbstractProtocol$ConnectionHandler.process(AbstractProtocol.java:905) ~[tomcat-embed-core-10.1.30.jar:10.1.30]
	at org.apache.tomcat.util.net.NioEndpoint$SocketProcessor.doRun(NioEndpoint.java:1741) ~[tomcat-embed-core-10.1.30.jar:10.1.30]
	at org.apache.tomcat.util.net.SocketProcessorBase.run(SocketProcessorBase.java:52) ~[tomcat-embed-core-10.1.30.jar:10.1.30]
	at org.apache.tomcat.util.threads.ThreadPoolExecutor.runWorker(ThreadPoolExecutor.java:1190) ~[tomcat-embed-core-10.1.30.jar:10.1.30]
	at org.apache.tomcat.util.threads.ThreadPoolExecutor$Worker.run(ThreadPoolExecutor.java:659) ~[tomcat-embed-core-10.1.30.jar:10.1.30]
	at org.apache.tomcat.util.threads.TaskThread$WrappingRunnable.run(TaskThread.java:63) ~[tomcat-embed-core-10.1.30.jar:10.1.30]
	at java.base/java.lang.Thread.run(Thread.java:842) ~[na:na]

2025-03-28T22:10:19.463+05:30  INFO 13152 --- [InterviewProject] [File Watcher] rtingClassPathChangeChangedEventListener : Restarting due to 1 class path change (0 additions, 0 deletions, 1 modification)
2025-03-28T22:10:19.682+05:30  INFO 13152 --- [InterviewProject] [Thread-7] j.LocalContainerEntityManagerFactoryBean : Closing JPA EntityManagerFactory for persistence unit 'default'
2025-03-28T22:10:19.684+05:30  INFO 13152 --- [InterviewProject] [Thread-7] com.zaxxer.hikari.HikariDataSource       : HikariPool-2 - Shutdown initiated...
2025-03-28T22:10:19.708+05:30  INFO 13152 --- [InterviewProject] [Thread-7] com.zaxxer.hikari.HikariDataSource       : HikariPool-2 - Shutdown completed.
2025-03-28T22:10:19.835+05:30  INFO 13152 --- [InterviewProject] [restartedMain] c.example.InterviewProjectApplication    : Starting InterviewProjectApplication using Java 17.0.12 with PID 13152 (D:\sts_workSpace\InterviewProject\target\classes started by YOGESH in D:\sts_workSpace\InterviewProject)
2025-03-28T22:10:19.836+05:30  INFO 13152 --- [InterviewProject] [restartedMain] c.example.InterviewProjectApplication    : No active profile set, falling back to 1 default profile: "default"
2025-03-28T22:10:20.214+05:30  INFO 13152 --- [InterviewProject] [restartedMain] .s.d.r.c.RepositoryConfigurationDelegate : Bootstrapping Spring Data JPA repositories in DEFAULT mode.
2025-03-28T22:10:20.233+05:30  INFO 13152 --- [InterviewProject] [restartedMain] .s.d.r.c.RepositoryConfigurationDelegate : Finished Spring Data repository scanning in 17 ms. Found 3 JPA repository interfaces.
2025-03-28T22:10:20.569+05:30  WARN 13152 --- [InterviewProject] [restartedMain] trationDelegate$BeanPostProcessorChecker : Bean 'org.springframework.ws.config.annotation.DelegatingWsConfiguration' of type [org.springframework.ws.config.annotation.DelegatingWsConfiguration$$SpringCGLIB$$0] is not eligible for getting processed by all BeanPostProcessors (for example: not eligible for auto-proxying). The currently created BeanPostProcessor [annotationActionEndpointMapping] is declared through a non-static factory method on that class; consider declaring it as static instead.
2025-03-28T22:10:20.573+05:30  INFO 13152 --- [InterviewProject] [restartedMain] .w.s.a.s.AnnotationActionEndpointMapping : Supporting [WS-Addressing August 2004, WS-Addressing 1.0]
2025-03-28T22:10:20.770+05:30  INFO 13152 --- [InterviewProject] [restartedMain] o.s.b.w.embedded.tomcat.TomcatWebServer  : Tomcat initialized with port 8081 (http)
2025-03-28T22:10:20.771+05:30  INFO 13152 --- [InterviewProject] [restartedMain] o.apache.catalina.core.StandardService   : Starting service [Tomcat]
2025-03-28T22:10:20.772+05:30  INFO 13152 --- [InterviewProject] [restartedMain] o.apache.catalina.core.StandardEngine    : Starting Servlet engine: [Apache Tomcat/10.1.30]
2025-03-28T22:10:20.825+05:30  INFO 13152 --- [InterviewProject] [restartedMain] o.a.c.c.C.[Tomcat].[localhost].[/]       : Initializing Spring embedded WebApplicationContext
2025-03-28T22:10:20.825+05:30  INFO 13152 --- [InterviewProject] [restartedMain] w.s.c.ServletWebServerApplicationContext : Root WebApplicationContext: initialization completed in 987 ms
2025-03-28T22:10:20.976+05:30  INFO 13152 --- [InterviewProject] [restartedMain] o.hibernate.jpa.internal.util.LogHelper  : HHH000204: Processing PersistenceUnitInfo [name: default]
2025-03-28T22:10:20.981+05:30  INFO 13152 --- [InterviewProject] [restartedMain] o.h.c.internal.RegionFactoryInitiator    : HHH000026: Second-level cache disabled
2025-03-28T22:10:21.036+05:30  INFO 13152 --- [InterviewProject] [restartedMain] o.s.o.j.p.SpringPersistenceUnitInfo      : No LoadTimeWeaver setup: ignoring JPA class transformer
2025-03-28T22:10:21.038+05:30  INFO 13152 --- [InterviewProject] [restartedMain] com.zaxxer.hikari.HikariDataSource       : HikariPool-3 - Starting...
2025-03-28T22:10:21.058+05:30  INFO 13152 --- [InterviewProject] [restartedMain] com.zaxxer.hikari.pool.HikariPool        : HikariPool-3 - Added connection com.mysql.cj.jdbc.ConnectionImpl@1476311
2025-03-28T22:10:21.058+05:30  INFO 13152 --- [InterviewProject] [restartedMain] com.zaxxer.hikari.HikariDataSource       : HikariPool-3 - Start completed.
2025-03-28T22:10:21.058+05:30  WARN 13152 --- [InterviewProject] [restartedMain] org.hibernate.orm.deprecation            : HHH90000025: MySQL8Dialect does not need to be specified explicitly using 'hibernate.dialect' (remove the property setting and it will be selected by default)
2025-03-28T22:10:21.058+05:30  WARN 13152 --- [InterviewProject] [restartedMain] org.hibernate.orm.deprecation            : HHH90000026: MySQL8Dialect has been deprecated; use org.hibernate.dialect.MySQLDialect instead
2025-03-28T22:10:21.150+05:30  INFO 13152 --- [InterviewProject] [restartedMain] o.h.e.t.j.p.i.JtaPlatformInitiator       : HHH000489: No JTA platform available (set 'hibernate.transaction.jta.platform' to enable JTA platform integration)
2025-03-28T22:10:21.175+05:30  INFO 13152 --- [InterviewProject] [restartedMain] j.LocalContainerEntityManagerFactoryBean : Initialized JPA EntityManagerFactory for persistence unit 'default'
2025-03-28T22:10:21.453+05:30  WARN 13152 --- [InterviewProject] [restartedMain] JpaBaseConfiguration$JpaWebConfiguration : spring.jpa.open-in-view is enabled by default. Therefore, database queries may be performed during view rendering. Explicitly configure spring.jpa.open-in-view to disable this warning
2025-03-28T22:10:22.032+05:30  INFO 13152 --- [InterviewProject] [restartedMain] o.s.b.d.a.OptionalLiveReloadServer       : LiveReload server is running on port 35729
2025-03-28T22:10:22.039+05:30  INFO 13152 --- [InterviewProject] [restartedMain] o.s.b.a.e.web.EndpointLinksResolver      : Exposing 2 endpoints beneath base path '/actuator'
2025-03-28T22:10:22.070+05:30  INFO 13152 --- [InterviewProject] [restartedMain] o.s.b.w.embedded.tomcat.TomcatWebServer  : Tomcat started on port 8081 (http) with context path '/'
2025-03-28T22:10:22.090+05:30  INFO 13152 --- [InterviewProject] [restartedMain] c.example.InterviewProjectApplication    : Started InterviewProjectApplication in 2.285 seconds (process running for 183.529)
2025-03-28T22:10:22.092+05:30  INFO 13152 --- [InterviewProject] [restartedMain] .ConditionEvaluationDeltaLoggingListener : Condition evaluation unchanged
2025-03-28T22:10:27.486+05:30  INFO 13152 --- [InterviewProject] [http-nio-8081-exec-1] o.a.c.c.C.[Tomcat].[localhost].[/]       : Initializing Spring DispatcherServlet 'dispatcherServlet'
2025-03-28T22:10:27.487+05:30  INFO 13152 --- [InterviewProject] [http-nio-8081-exec-1] o.s.web.servlet.DispatcherServlet        : Initializing Servlet 'dispatcherServlet'
2025-03-28T22:10:27.493+05:30  INFO 13152 --- [InterviewProject] [http-nio-8081-exec-1] o.s.web.servlet.DispatcherServlet        : Completed initialization in 6 ms
